21ST CENTURY CYBER CS,0.00,25978879.77,69556.20,25374541.60,26103469.92,2021
A W BEATTIE CAREER CENTER,631130.20,8511446.19,1799823.64,11169513.51,11059270.03,2021
ASPIRA BILINGUAL CYBER CS,2583669.00,11759424.00,8215.00,11072161.00,14351308.00,2021
ABINGTON HEIGHTS SD,2304663.26,34487705.77,15713729.25,52504767.01,52506098.28,2021
ABINGTON SD,4747098.90,123482613.40,38589508.04,169930563.60,166819220.30,2021
ACHIEVEMENT HOUSE CS,2120466.00,19149595.00,26530.00,13763039.00,21296591.00,2021
AD PRIMA CS,2701359.00,8809945.00,142508.00,10786243.00,11699754.00,2021
ADAMS COUNTY TECHNICAL INSTITUTE,0.00,1001500.59,294344.32,1321418.17,1295844.91,2021
ADMIRAL PEARY AVTS,441758.68,NULL,NULL,NULL,5457312.33,2021
ADMIRAL PEARY AREA VOCATIONAL-TECHNICAL SCHOOL,NULL,3849923.45,1165630.20,5380391.11,NULL,2021
AGORA CYBER CS,10391278.00,103398413.00,468360.00,110412891.00,114258051.00,2021
ALBERT GALLATIN AREA SD,8719671.02,14981169.14,39330949.60,59783318.87,63034747.26,2021
ALIQUIPPA SD,458704.63,6969564.12,14440080.59,23508270.55,21868349.34,2021
ALLEGHENY VALLEY SD,839502.10,17924832.18,6395175.27,25339622.96,25294329.55,2021
ALLEGHENY-CLARION VALLEY SD,1460264.76,4707597.99,9668389.71,16675707.76,15836252.46,2021
ALLENTOWN CITY SD,63649571.00,120554557.00,217284526.00,356709038.00,401820381.00,2021
ALLIANCE FOR PROGRESS CS,2098346.00,8226352.00,111270.00,9801620.00,10435968.00,2021
ALTOONA AREA SD,15863826.80,32184780.13,70618330.41,197877715.90,198845007.80,2021
AMBRIDGE AREA SD,4493201.12,26469831.52,21523810.73,48207471.32,52921611.37,2021
ANNVILLE-CLEONA SD,1125832.87,17692396.55,9535601.59,27023661.24,28353831.01,2021
ANTIETAM SD,1334315.70,12332253.12,7942013.64,20891671.58,21611082.46,2021
ANTONIA PANTOJA COMMUNITY CS,3755422.00,11845889.00,25776.00,14494239.00,15627087.00,2021
APOLLO-RIDGE SD,1618604.67,8686773.80,15195091.28,25862885.14,25789764.75,2021
ARMSTRONG SD,8321491.60,40457271.22,58126841.44,104190999.90,106905604.30,2021
ARTS ACADEMY CS,520429.05,5003621.91,38260.33,5533739.34,5562311.29,2021
ARTS ACADEMY ELEMENTARY CS,872813.69,6015760.66,62006.40,6912261.20,6954265.14,2021
ATHENS AREA SD,2785687.00,17437804.00,22465517.81,44653792.21,42689008.81,2021
AUSTIN AREA SD,424899.00,1885863.00,2370798.00,4483074.00,4681560.00,2021
AVELLA AREA SD,711785.10,3952649.27,6841224.83,11529430.60,11530359.20,2021
AVON GROVE CS,1741525.00,31414529.00,124493.00,31894905.00,33280547.00,2021
AVON GROVE SD,3802261.69,64607287.34,34227480.84,99027950.05,102721772.00,2021
AVONWORTH SD,517020.51,27743955.57,7826770.35,35265722.44,36087746.43,2021
BADEN ACADEMY CS,869786.23,9839464.51,83170.68,9472921.76,11103711.42,2021
BALD EAGLE AREA SD,1183736.08,17236554.58,16298469.51,34535781.00,34718760.17,2021
BALDWIN-WHITEHALL SD,2992665.91,51090312.43,25729861.21,76225391.69,80462839.55,2021
BANGOR AREA SD,3371621.98,36848560.92,21827682.25,59582457.26,62047865.15,2021
BEAR CREEK COMMUNITY CS,1036351.16,7226870.30,105581.79,8952159.71,8368803.25,2021
BEAVER AREA SD,1622824.60,23707644.23,12286399.39,35665856.94,37641750.39,2021
BEAVER COUNTY CTC,391863.88,NULL,1302393.08,NULL,6264791.20,2021
BEAVER COUNTY CAREER & TECHNOLOGY CENTER,NULL,4563604.18,NULL,5972965.44,NULL,2021
BEDFORD AREA SD,2888332.66,16320503.53,14624671.62,33239527.90,33872582.81,2021
BEDFORD COUNTY TECHNICAL CENTER,236645.56,1415829.65,545233.11,2146150.68,2197708.32,2021
BELLE VERNON AREA SD,2317274.98,21107961.95,18301268.14,39120029.32,41767573.07,2021
BELLEFONTE AREA SD,2049785.69,35047181.01,18189390.39,60471088.81,61214314.20,2021
BELLWOOD-ANTIS SD,1146359.82,7129590.83,11593600.43,20561879.86,20396716.08,2021
BELMONT CS,4896028.00,15321187.00,791138.00,20657832.00,21061291.00,2021
BENSALEM TOWNSHIP SD,9302443.41,115815028.10,38456914.36,169528152.90,163574385.90,2021
BENTON AREA SD,1000730.90,7320842.33,6418341.46,18233654.16,18486914.69,2021
BENTWORTH SD,1501524.37,8426990.17,10627634.48,20373513.22,20954420.35,2021
BERKS CTC-EAST CAMPUS,NULL,NULL,3500812.13,19308154.51,19426566.59,2021
BERKS CAREER AND TECHNOLOGY CENTER-EAST CAMPUS,1013909.16,14866066.02,NULL,NULL,NULL,2021
BERLIN BROTHERSVALLEY SD,786764.81,3936667.17,8307885.90,13323049.72,13067666.84,2021
BERMUDIAN SPRINGS SD,1327671.67,18952364.34,13465515.44,34598138.71,33924814.53,2021
BERWICK AREA SD,2885172.70,20939452.53,24559923.47,55152241.32,48427741.47,2021
BETHEL PARK SD,2113171.48,65116442.38,24821517.42,94613334.18,93223683.69,2021
BETHLEHEM AVTS,NULL,NULL,NULL,13408665.42,13408665.42,2021
BETHLEHEM AREA SD,16906946.44,216534769.90,82983841.37,445659806.70,451564726.80,2021
BETHLEHEM AREA VOCATIONAL-TECHNICAL SCHOOL,639928.58,10445693.16,2322843.68,NULL,NULL,2021
BETHLEHEM-CENTER SD,0.00,0.00,0.00,0.00,0.00,2021
BIG BEAVER FALLS AREA SD,4274869.57,8936198.71,20676383.22,32387088.10,34042477.52,2021
BIG SPRING SD,3528119.66,37510397.61,19594637.38,57381941.54,60876086.76,2021
BLACKHAWK SD,779921.97,21360006.00,18099245.92,41309541.70,40513050.89,2021
BLACKLICK VALLEY SD,1588909.94,2361482.66,8870217.55,11570879.36,12866345.69,2021
BLAIRSVILLE-SALTSBURG SD,3373423.00,14434689.00,17985692.00,36252512.00,36080990.00,2021
BLOOMSBURG AREA SD,640402.44,16768189.19,11244441.99,29204939.78,28653033.62,2021
BLUE MOUNTAIN SD,1055850.82,28949572.11,17579673.92,53334972.19,53768000.85,2021
BLUE RIDGE SD,2249651.81,7050104.37,11689040.50,21102824.14,21118796.68,2021
BOYERTOWN AREA SD,4159833.39,93876078.28,36247608.85,131455451.70,134283520.50,2021
BOYS LATIN OF PHILADELPHIA CS,4325710.00,12928549.00,225550.00,NULL,17580026.00,2021
BOYS' LATIN OF PHILADELPHIA CS,NULL,NULL,NULL,15046148.40,NULL,2021
BRADFORD AREA SD,9136838.54,12842061.62,26184026.08,51096499.71,48687531.48,2021
BRANDYWINE HEIGHTS AREA SD,1437656.65,22558005.26,10433298.40,34104389.03,35432318.47,2021
BRENTWOOD BOROUGH SD,1810678.64,15504606.07,10654729.78,26002335.19,28240648.63,2021
BRISTOL BOROUGH SD,2916389.85,12781586.65,12324220.19,27487934.12,28022196.69,2021
BRISTOL TOWNSHIP SD,12773788.82,96319484.45,48631740.99,202156802.80,203735014.30,2021
BROCKWAY AREA SD,1302664.70,4623897.01,11157296.66,16575525.80,17086855.37,2021
BROOKVILLE AREA SD,2379214.43,9906638.48,15971278.77,26476609.03,28257131.68,2021
BROWNSVILLE AREA SD,3784911.50,7970025.36,21300609.36,41431962.73,42866462.22,2021
BUCKS COUNTY MONTESSORI CS,26504.00,3288967.00,0.00,3013937.00,3315471.00,2021
BUCKS COUNTY TECHNICAL HIGH SCHOOL,1436889.00,23207772.00,4787531.00,28749781.00,29439192.00,2021
BURGETTSTOWN AREA SD,896408.06,9817852.03,11236375.54,23338890.84,21950635.63,2021
BURRELL SD,1321247.88,18815508.94,12638236.32,32532172.07,32774993.14,2021
BUTLER AREA SD,5871681.00,54929701.00,48700294.00,109899904.00,110395167.50,2021
BUTLER COUNTY AVTS,NULL,NULL,NULL,6124355.00,NULL,2021
BUTLER COUNTY AREA VOCATIONAL TECHNICAL SCHOOL,595734.00,4051514.00,1475376.00,NULL,6122624.00,2021
CTC OF LACKAWANNA COUNTY,1391512.00,NULL,2095608.00,9056918.00,9056918.00,2021
CALIFORNIA AREA SD,745122.56,7044847.62,9756603.01,16380812.06,17650728.83,2021
CAMBRIA HEIGHTS SD,989046.21,6591090.80,15367522.19,24335889.57,22947659.20,2021
CAMERON COUNTY SD,802843.00,4116034.00,8831198.00,14050061.00,13750075.00,2021
CAMP HILL SD,900626.61,21252941.58,5262320.06,26070882.63,27416942.79,2021
CANON-MCMILLAN SD,2888724.65,72333103.42,26656253.25,101299265.10,101898056.30,2021
CANTON AREA SD,2385464.13,4751485.49,11641200.54,17961754.03,18778150.16,2021
CAPITAL AREA SCHOOL FOR THE ARTS CS,32806.74,3094884.35,24173.44,3363644.51,3151864.53,2021
CARBON CAREER & TECHNICAL INSTITUTE,333969.00,6293559.00,1447987.00,8078028.00,8075515.00,2021
CARBONDALE AREA SD,3462615.08,9313010.54,15930668.74,28975847.55,28706294.36,2021
CAREER INSTITUTE OF TECHNOLOGY,556413.00,8756527.00,1570898.00,9124100.00,10892003.00,2021
CAREER TECHNOLOGY CENTER OF LACKAWANNA COUNTY,NULL,5569798.00,NULL,NULL,NULL,2021
CARLISLE AREA SD,5452965.18,64666532.93,29031340.08,94369137.87,99150838.19,2021
CARLYNTON SD,2588235.11,22162891.57,9461738.25,32417332.45,34212864.93,2021
CARMICHAELS AREA SD,1998059.53,5582970.02,12068886.47,19866672.70,19649916.02,2021
CATALYST ACADEMY CS,1069653.21,4314079.19,5630.60,4210663.93,5389363.00,2021
CATASAUQUA AREA SD,3423908.97,22845866.89,11088368.43,35008070.28,37892266.54,2021
CENTENNIAL SD,4620768.99,97013264.28,32903446.90,134198574.80,134537480.20,2021
CENTER FOR STUDENT LEARNING CS AT PENNSBURY,NULL,3752202.00,NULL,2973402.03,4049044.00,2021
CENTER FOR STUDENT LRNG CS PENNSBURY,273643.00,NULL,2986.00,NULL,NULL,2021
CENTRAL BUCKS SD,4942954.25,277467361.20,73318164.43,353433311.40,355763329.90,2021
CENTRAL CAMBRIA SD,0.00,0.00,0.00,0.00,0.00,2021
CENTRAL COLUMBIA SD,2041725.68,19456919.66,12171394.85,45183290.15,43455040.19,2021
CENTRAL DAUPHIN SD,13728098.94,164408028.40,53647975.65,240306674.00,246736652.50,2021
CENTRAL FULTON SD,1437637.99,6146993.24,9509053.62,24355610.45,23869772.10,2021
CENTRAL GREENE SD,1376970.87,16943702.54,15687531.32,33135696.06,34008204.73,2021
CENTRAL MONTCO TECHNICAL HIGH SCHOOL,530655.00,8219749.00,1953989.00,10826676.85,10826676.00,2021
CENTRAL PA DIGITAL LRNG FOUNDATION CS,326428.41,3739713.77,11125.76,4842930.15,4684315.94,2021
CENTRAL PA INSTITUTE OF SCIENCE & TECHNO,797739.42,7655147.67,1577459.61,10417269.01,10219845.97,2021
CENTRAL PA INSTITUTE OF SCIENCE AND TECHNOLOGY,NULL,NULL,NULL,NULL,NULL,2021
CENTRAL PENNSYLVANIA DIGITAL LEARNING FOUNDATION CS,NULL,NULL,NULL,NULL,NULL,2021
CENTRAL VALLEY SD,1941990.35,22868899.02,16342863.38,40409724.50,42059479.75,2021
CENTRAL WESTMORELAND CTC,NULL,NULL,NULL,10163271.90,10539648.48,2021
CENTRAL WESTMORELAND CAREER AND TECHNOLOGY CENTER,1000958.71,7121102.56,2383201.41,NULL,NULL,2021
CENTRAL YORK SD,5253340.55,71490874.33,25732311.72,104912973.00,102502045.60,2021
CENTRE LEARNING COMMUNITY CS,0.00,1393761.83,1176.22,1826926.86,1868737.05,2021
CHAMBERSBURG AREA SD,14362585.00,104037707.00,50717312.00,170208300.00,170807420.00,2021
CHARLEROI SD,2525967.82,11455181.77,15636283.14,28067505.55,29617432.73,2021
CHARTIERS VALLEY SD,1644253.05,53632818.54,16466873.96,72667804.44,72389670.55,2021
CHARTIERS-HOUSTON SD,906459.70,13917110.23,7869253.74,22483076.56,22692823.67,2021
CHELTENHAM SD,2749266.58,102790341.00,25346019.92,124385396.10,130885627.50,2021
CHESTER CHARTER SCHOLARS ACADEMY CS,3299737.00,10539119.00,162211.00,41473525.00,45048029.00,2021
CHESTER CO TECHNICAL COLLEGE HS-PICKERIN,2647496.57,29883244.72,NULL,37537728.61,NULL,2021
CHESTER COMMUNITY CS,21130016.55,76901356.02,1134540.84,95893769.28,99170787.41,2021
CHESTER COUNTY TECHNICAL COLLEGE HIGH SCHOOL - PICKERING CAMPUS,NULL,NULL,4690792.36,NULL,37221533.65,2021
CHESTER-UPLAND SD,9443281.58,26384263.24,107026262.00,131200715.60,142861872.80,2021
CHESTNUT RIDGE SD,1186771.87,7322942.77,14338255.16,22447738.83,22847969.80,2021
CHICHESTER SD,4609685.97,53410094.67,27568834.05,85134093.49,85710004.65,2021
CHRISTOPHER COLUMBUS CS,2568874.06,11716060.51,79673.76,12992154.90,14364608.33,2021
CIRCLE OF SEASONS CS,416477.65,6968364.14,18650.98,7012504.13,7403492.77,2021
CITY CHS,843464.00,12495309.00,38248.00,11647064.00,13377021.00,2021
CLAIRTON CITY SD,2688061.06,4368373.08,12575051.54,19801736.15,19699841.68,2021
CLARION AREA SD,1145281.96,8739564.39,7358627.62,15389006.16,17243473.97,2021
CLARION COUNTY CAREER CENTER,235843.00,1914338.63,761643.96,2963653.63,2911825.59,2021
CLARION-LIMESTONE AREA SD,1290346.11,5832827.66,9255611.09,22786655.07,23060533.01,2021
CLAYSBURG-KIMMEL SD,2031820.90,3688879.58,8908231.38,14596520.77,14628931.86,2021
CLEARFIELD AREA SD,4284672.02,17277210.10,22658085.79,51332278.52,52746849.49,2021
CLEARFIELD CO CTC,NULL,NULL,1250877.06,NULL,NULL,2021
CLEARFIELD COUNTY CTC,609166.27,4836261.45,NULL,7682831.84,6696304.78,2021
COATESVILLE AREA SD,8304800.58,131095034.60,55998578.94,178862690.10,196548250.50,2021
COCALICO SD,3077772.12,42210479.38,18061854.31,65367574.23,64114386.91,2021
COLLEGIUM CS,2858311.00,55768931.00,33634.00,60218133.00,58660876.00,2021
COLONIAL SD,2406375.53,120453712.10,23421513.77,149787981.50,146281601.40,2021
COLUMBIA BOROUGH SD,4831285.80,12695225.27,14828004.12,30005737.01,32362092.19,2021
COLUMBIA-MONTOUR AVTS,420517.00,NULL,NULL,10383248.00,NULL,2021
COLUMBIA-MONTOUR AREA VOCATIONAL-TECHNICAL SCHOOL,NULL,8457407.00,1731770.00,NULL,10609694.00,2021
COMMODORE PERRY SD,2294916.00,2604746.00,6167472.00,15013855.14,14590010.00,2021
COMMONWEALTH CHARTER ACADEMY CS,48287366.46,348642092.80,435987.43,391880658.90,397441652.30,2021
COMMUNITY ACADEMY OF PHILADELPHIA CS,5918358.00,19708081.00,337604.00,37547010.00,43110614.00,2021
CONEMAUGH TOWNSHIP AREA SD,655935.36,4359257.86,10347273.27,15637594.16,15366631.92,2021
CONEMAUGH VALLEY SD,776010.22,3294869.83,9505079.91,14560421.69,13575959.96,2021
CONESTOGA VALLEY SD,3491351.42,58644661.03,15806363.40,77191833.62,77964837.35,2021
CONEWAGO VALLEY SD,1513603.66,43255142.84,22517270.11,74408868.00,74573016.61,2021
CONNEAUT SD,4348023.45,17210747.51,21124842.52,43551534.02,42683683.48,2021
CONNELLSVILLE AREA CAREER & TECHNICAL CE,279055.49,NULL,NULL,4738868.59,4738868.59,2021
CONNELLSVILLE AREA CAREER & TECHNICAL CENTER,NULL,3031969.87,1427843.23,NULL,NULL,2021
CONNELLSVILLE AREA SD,15112388.83,21027023.98,52183025.00,80385840.41,88413662.81,2021
CONRAD WEISER AREA SD,3730163.23,36690097.81,16456992.75,54868277.48,56877253.79,2021
CORNELL SD,1865062.00,10686506.00,4447202.00,17337487.00,17062022.00,2021
CORNWALL-LEBANON SD,4700890.22,61463085.81,26764068.54,87984019.33,93378191.60,2021
CORRY AREA SD,2974054.49,9856215.48,23758963.60,35982453.53,36699613.42,2021
COUDERSPORT AREA SD,1972316.94,5814320.02,7637192.79,16426943.20,17246860.75,2021
COUNCIL ROCK SD,3014004.07,200689659.30,55477609.13,271345199.30,259181272.50,2021
CRANBERRY AREA SD,480695.80,7914815.08,12120941.34,20352784.56,20516452.22,2021
CRAWFORD CENTRAL SD,6751607.32,28201789.61,31988519.03,68234028.61,66967126.96,2021
CRAWFORD COUNTY CTC,NULL,NULL,1293614.25,7330130.55,7363701.08,2021
CRAWFORD COUNTY CAREER AND TECHNICAL CENTER,905370.00,5164716.83,NULL,NULL,NULL,2021
CRESTWOOD SD,2201136.11,26784984.67,15705853.11,77620194.14,75962373.89,2021
CRISPUS ATTUCKS CS,985321.25,1141463.40,80430.00,2227590.00,2207214.65,2021
CUMBERLAND PERRY AVTS,739868.37,7391141.78,1973305.71,NULL,10109504.54,2021
CUMBERLAND PERRY AREA VOCATIONAL TECHNICAL SCHOOL,NULL,NULL,NULL,10758408.86,NULL,2021
CUMBERLAND VALLEY SD,1530268.00,122209646.00,34154956.00,158811895.00,158135439.00,2021
CURWENSVILLE AREA SD,806681.08,4833260.50,12839744.99,21132593.60,18479686.57,2021
DALLAS SD,3714978.79,26790558.07,13557829.50,46213927.25,44063366.36,2021
DALLASTOWN AREA SD,2040207.31,85795144.11,31444928.18,117089157.20,120209136.40,2021
DANIEL BOONE AREA SD,2057725.69,41427789.98,19553481.51,63242353.60,63038997.18,2021
DANVILLE AREA SD,2563431.43,25997455.15,16024785.71,51760382.68,52528616.94,2021
DAUPHIN COUNTY TECHNICAL SCHOOL,1124586.50,17563461.74,3338645.60,22043346.14,22048673.84,2021
DEEP ROOTS CS,2614148.00,5456439.00,56742.00,7950299.00,8127329.00,2021
DEER LAKES SD,1459288.11,23876960.97,13822028.91,39155296.23,39320452.94,2021
DELAWARE COUNTY TECHNICAL HIGH SCHOOL - ASTON,NULL,NULL,NULL,NULL,18920685.00,2021
DELAWARE COUNTY TECHNICAL HIGH SCHOOL-AS,1777735.00,14365743.00,2777207.00,18765757.24,NULL,2021
DELAWARE VALLEY SD,4768179.99,51225350.73,34004859.24,88964331.55,89998389.96,2021
DERRY AREA SD,2653350.13,16338719.78,20266444.46,37435520.04,39284286.37,2021
DERRY TOWNSHIP SD,3243819.41,51516988.40,12647977.48,68232390.42,71153698.46,2021
DISCOVERY CS,2184952.00,8825404.00,67305.00,25462627.00,26425861.00,2021
DONEGAL SD,4648746.74,36067257.16,18774634.20,57499211.66,59490638.10,2021
DOVER AREA SD,3318409.04,37422414.64,27044678.86,71118016.81,70160132.54,2021
DOWNINGTOWN AREA SD,4027663.77,189704639.90,56302669.39,249619527.70,250750104.40,2021
DR ROBERT KETTERER CS INC,949279.00,4833200.00,24300.00,4859583.00,5806779.00,2021
DUBOIS AREA SD,4399112.14,26720401.78,31962127.20,63171398.92,63081641.12,2021
DUNMORE SD,3349095.78,13954147.02,8503048.32,26503117.84,25806291.12,2021
DUQUESNE CITY SD,2870863.00,2414845.00,16387964.00,22238467.85,21673672.00,2021
EAST ALLEGHENY SD,1832806.00,17822789.00,17652646.00,38910253.38,37308241.00,2021
EAST LYCOMING SD,563985.17,12192334.20,15103019.54,27593879.91,27859338.91,2021
EAST PENN SD,10318389.38,122163633.90,35999463.30,164091570.10,170427679.40,2021
EAST PENNSBORO AREA SD,2642078.93,31609466.46,13432741.57,50067464.70,47723314.96,2021
EAST STROUDSBURG AREA SD,9413075.80,111857838.80,50830797.68,172847035.40,173263427.50,2021
EASTERN CENTER FOR ARTS & TECHNOLOGY,NULL,7530682.00,1778178.00,11675549.00,NULL,2021
EASTERN CENTER FOR ARTS AND TECHNOLOGY,1935862.00,NULL,NULL,NULL,11344759.00,2021
EASTERN LANCASTER COUNTY SD,4635637.50,45888456.83,14442988.37,65281520.06,65290530.17,2021
EASTERN LEBANON COUNTY SD,2595342.81,32378949.76,13702560.34,49686872.10,49880110.91,2021
EASTERN WESTMORELAND CTC,NULL,3121246.21,917964.54,4314867.75,4314867.75,2021
EASTERN WESTMORELAND CAREER AND TECHNOLOGY CENTER,262917.00,NULL,NULL,NULL,NULL,2021
EASTERN YORK SD,2257398.85,32474105.83,17563426.80,53151961.32,52386550.56,2021
EASTON AREA SD,8112204.99,122920652.00,53590911.55,203223671.50,197785760.20,2021
EASTON ARTS ACADEMY ELEMENTARY CS,277660.00,4895512.00,32428.00,5116533.00,5205600.00,2021
ELIZABETH FORWARD SD,1802602.69,26260704.85,20358338.38,46895851.64,49131298.84,2021
ELIZABETHTOWN AREA SD,1752670.86,49070005.87,20706833.17,69320074.24,71529509.90,2021
ELK LAKE SD,1485288.19,9317643.19,12202274.90,23080081.23,23005206.28,2021
ELLWOOD CITY AREA SD,2320609.02,10407603.13,18373535.35,31771665.19,31123646.28,2021
ENVIRONMENTAL CS AT FRICK PARK,2870287.00,22081859.00,40634.00,26681490.00,24992780.00,2021
EPHRATA AREA SD,3106926.25,51272657.73,23028726.64,77902094.96,77464500.17,2021
ERIE CITY SD,41339676.00,66642254.00,139480822.30,230960145.90,247738134.30,2021
ERIE COUNTY TECHNICAL SCHOOL,466300.00,28230929.00,1545489.00,30043674.00,30269941.00,2021
ESPERANZA ACADEMY CS,6731212.00,24094147.00,327681.00,30152702.35,31153040.00,2021
ESPERANZA CYBER CS,3896761.00,16627799.00,10386.00,13429634.00,20534946.00,2021
EUGENIO MARIA DE HOSTOS CS,3032655.00,7684996.00,23609.00,10397793.00,10741260.00,2021
EVERETT AREA SD,2489509.21,9397616.01,11898937.23,23464741.53,23786062.45,2021
EVERGREEN COMMUNITY CS,15613.00,1832564.00,6063.00,1792013.00,1854240.00,2021
EXECUTIVE EDUCATION ACADEMY CS,3217490.00,18053337.00,222318.00,76256024.00,77687232.00,2021
EXETER TOWNSHIP SD,2855852.93,55109159.24,23077162.94,82291116.87,81075418.11,2021
FAIRFIELD AREA SD,254119.25,12700603.90,6958886.23,19734455.25,19913609.38,2021
FAIRVIEW SD,427516.00,21366913.00,8165094.00,30774989.00,29963528.00,2021
FANNETT-METAL SD,2898822.62,3804909.96,3843499.86,10475713.77,10647861.14,2021
FARRELL AREA SD,3972604.00,4958946.00,14162828.00,22699728.00,23104378.00,2021
FAYETTE COUNTY CAREER & TECHNICAL INSTIT,2479294.26,4880581.41,1945644.79,9373941.70,NULL,2021
FAYETTE COUNTY CAREER & TECHNICAL INSTITUTE,NULL,NULL,NULL,NULL,9373941.70,2021
FELL CS,163760.00,2086603.00,14539.00,1977090.00,2264902.00,2021
FERNDALE AREA SD,842644.15,2978436.51,8844006.88,12891863.69,13483761.44,2021
FIRST PHILADELPHIA PREPARATORY CS,4175811.00,28388218.00,362820.00,28929581.00,32926849.00,2021
FLEETWOOD AREA SD,1915212.05,31805456.47,15530268.90,49411360.71,49252036.87,2021
FOLK ARTS-CULTURAL TREASURES CS,2311462.00,6862566.00,114964.00,8447755.00,9288992.00,2021
FORBES ROAD CTC,702599.00,4328125.22,1509366.91,6540091.13,6540091.13,2021
FORBES ROAD CAREER AND TECHNOLOGY CENTER,NULL,NULL,NULL,NULL,NULL,2021
FORBES ROAD SD,222636.49,2956754.00,4776661.06,8594361.80,8158156.49,2021
FOREST AREA SD,1291005.30,7716412.80,5736611.01,14118387.88,14744029.11,2021
FOREST CITY REGIONAL SD,1426558.35,7776682.89,7944256.25,17183780.17,17147497.49,2021
FOREST HILLS SD,1871354.52,6526119.79,19880940.60,29255624.53,28435967.72,2021
FORT CHERRY SD,754197.09,9405792.38,10563823.20,19473769.66,20723812.67,2021
FORT LEBOEUF SD,2495935.39,20047526.20,15097982.89,37035369.51,38452099.44,2021
FOX CHAPEL AREA SD,3886549.84,83735356.14,20955927.11,104997352.00,108781435.00,2021
FRANKLIN AREA SD,1241621.55,12721988.26,20674355.37,36931675.77,34637965.18,2021
FRANKLIN COUNTY CTC,768785.58,6224120.35,1919257.64,9315292.13,9167622.55,2021
FRANKLIN COUNTY CAREER AND TECHNOLOGY CENTER,NULL,NULL,NULL,NULL,NULL,2021
FRANKLIN REGIONAL SD,648496.21,44615434.93,17635964.03,65216934.96,62936618.32,2021
FRANKLIN TOWNE CHS,4139380.00,18040938.00,102517.00,17576814.00,22282835.00,2021
FRANKLIN TOWNE CHARTER ELEMENTARY SCHOOL,3827151.00,13734211.00,89365.00,12566488.00,17650727.00,2021
FRAZIER SD,925110.66,7098943.48,11566160.66,20106064.90,19590214.80,2021
FREDERICK DOUGLASS MASTERY CS,2933066.00,10250758.00,82877.00,12756834.00,13266701.00,2021
FREEDOM AREA SD,709301.19,11039763.48,13097036.53,24570023.23,24846101.20,2021
FREEPORT AREA SD,1168516.24,19617430.93,13310331.84,34636791.26,34237677.54,2021
FREIRE CS,3757856.71,15839009.44,234297.01,19589503.60,19831163.16,2021
FULTON COUNTY AREA VOCATIONAL-TECHNICAL SCHOOL,NULL,NULL,293214.00,NULL,NULL,2021
FULTON COUNTY CENTER FOR CAREER AND TECH,108181.00,735873.00,NULL,1137268.00,1137268.00,2021
GALETON AREA SD,224498.36,3919871.93,3849734.13,8259287.11,7994104.42,2021
GARNET VALLEY SD,936231.00,93691381.00,21230409.00,115640760.00,115917275.00,2021
GATEWAY SD,4975095.91,56949577.67,21072078.28,82153638.23,82996751.86,2021
GENERAL MCLANE SD,1554991.95,15861356.48,17870228.02,38750107.20,35286576.45,2021
GETTYSBURG AREA SD,3692132.84,45944391.95,18850889.72,68851583.83,68509421.56,2021
GETTYSBURG MONTESSORI CS,180021.00,5085610.00,5799.00,3813982.00,5271430.00,2021
GILLINGHAM CHARTER SCHOOL,775514.00,3623931.00,56560.00,4319000.00,4456005.00,2021
GIRARD SD,5463857.33,11273613.63,16776090.12,46337494.14,47208842.74,2021
GLENDALE SD,686870.77,3785169.41,9429947.63,14110660.95,13909787.81,2021
GLOBAL LEADERSHIP ACADEMY CS,1873016.00,9265025.00,70060.00,11557534.00,11208101.00,2021
GLOBAL LEADERSHIP ACADEMY CS SOUTHWEST A,NULL,NULL,10724.00,11120834.00,9963966.00,2021
GLOBAL LEADERSHIP ACADEMY CS SOUTHWEST AT HUEY,1908402.00,8044840.00,NULL,NULL,NULL,2021
GOVERNOR MIFFLIN SD,2831029.24,53450080.81,20281751.67,77157029.07,77157029.07,2021
GREAT VALLEY SD,1958963.37,99545667.83,16798208.60,109959780.10,118724660.40,2021
GREATER ALTOONA CTC,2016371.79,8617136.74,2543589.17,NULL,13273757.84,2021
GREATER ALTOONA CAREER AND TECHNOLOGY CENTER,NULL,NULL,NULL,13273757.84,NULL,2021
GREATER JOHNSTOWN CTC,202053.15,5987610.82,1224318.55,7078533.50,7413982.52,2021
GREATER JOHNSTOWN CAREER AND TECHNOLOGY CENTER,NULL,NULL,NULL,NULL,NULL,2021
GREATER JOHNSTOWN SD,25266499.99,12832704.79,36760750.28,75791765.75,75015591.27,2021
GREATER LATROBE SD,2215545.41,37873176.13,21397765.98,65071167.69,64637700.52,2021
GREATER NANTICOKE AREA SD,4663494.78,10448067.69,20612572.55,34210216.30,35774135.02,2021
GREEN WOODS CS,3011344.00,9599088.00,48324.00,11944238.00,12658756.00,2021
GREENCASTLE-ANTRIM SD,3936376.45,30715966.58,14732052.36,54262578.70,58847514.39,2021
GREENE COUNTY CTC,646323.12,2538333.11,802736.76,4010889.65,3987392.99,2021
GREENE COUNTY CAREER AND TECHNOLOGY CENTER,NULL,NULL,NULL,NULL,NULL,2021
GREENSBURG SALEM SD,6295844.11,26191277.19,19764303.21,51431822.52,52260674.82,2021
GREENVILLE AREA SD,2290157.25,7972350.51,13433385.02,23238987.73,23695892.78,2021
GREENWOOD SD,296309.82,7786235.11,6978128.76,14915454.44,15060673.69,2021
GROVE CITY AREA SD,4693351.74,19267544.90,16280993.98,41192380.15,40241890.62,2021
HOPE FOR HYNDMAN CS,339304.00,2395698.00,26677.00,NULL,2761679.00,2021
HOPE FOR HYNDMAN CHARTER SCHOOL,NULL,NULL,NULL,2794895.00,NULL,2021
HALIFAX AREA SD,1429811.54,10111373.81,10696187.82,22354292.58,22326834.27,2021
HAMBURG AREA SD,1904082.48,29675139.60,15273127.31,45195669.39,47490343.97,2021
HAMPTON TOWNSHIP SD,367937.34,41267303.75,15133595.97,57668914.42,57049797.06,2021
HANOVER AREA SD,4049129.85,17188347.31,17416031.61,36900935.12,38653508.77,2021
HANOVER PUBLIC SD,2497769.00,25982602.00,10514667.00,37527375.00,38995038.00,2021
HARAMBEE INSTITUTE OF SCIENCE AND TECHNO,NULL,7568652.00,NULL,8701703.00,9000967.00,2021
HARAMBEE INSTITUTE OF SCIENCE AND TECHNOLOGY CS,1125369.00,NULL,306946.00,NULL,NULL,2021
HARBOR CREEK SD,827637.65,20998411.13,16093030.23,37443066.23,38004267.10,2021
HARMONY AREA SD,565112.48,1588855.53,4448381.93,6525214.39,6693106.34,2021
HARRISBURG CITY SD,26773280.28,61658605.01,91419529.55,176491395.60,179851414.80,2021
HATBORO-HORSHAM SD,3380466.69,89544057.27,22481391.18,114610496.40,116093178.20,2021
HAVERFORD TOWNSHIP SD,138591.48,108953333.00,23827991.80,122638119.00,132921916.30,2021
HAZLETON AREA CAREER CENTER,NULL,NULL,NULL,NULL,NULL,2021
HAZLETON AREA SD,27334161.49,77222224.10,89959061.64,188628778.40,194523085.10,2021
HEMPFIELD AREA SD,3730746.56,61912009.65,35879654.09,101636660.40,101522410.30,2021
HEMPFIELD SD,3584410.43,99307930.59,34815460.68,135872475.80,139098273.70,2021
HERMITAGE SD,2296040.01,19616465.95,12785791.85,34617710.25,34706874.07,2021
HIGHLANDS SD,2146953.00,22310675.00,23334773.00,46135315.00,48054312.00,2021
HOLLIDAYSBURG AREA SD,2204052.37,28933082.12,21900692.14,52723292.42,53044225.69,2021
HOMER-CENTER SD,890370.76,6980046.65,9694319.55,17785479.69,17564736.96,2021
HOPEWELL AREA SD,1402324.23,22889278.10,19884609.23,43641239.51,44176211.56,2021
HOWARD GARDNER MULTIPLE INTELLIGENCE CS,771523.95,4114982.10,14666.93,8369457.17,8007868.47,2021
HUNTINGDON AREA SD,2420355.51,14431983.11,15841964.60,43612573.09,42804238.05,2021
HUNTINGDON COUNTY CTC,192288.94,1979088.42,NULL,NULL,2862314.40,2021
HUNTINGDON COUNTY CAREER AND TECHNOLOGY CENTER,NULL,NULL,690937.04,2862314.40,NULL,2021
IMHOTEP INSTITUTE CHS,2994562.00,8809421.00,70118.00,15922796.50,17986952.81,2021
INDEPENDENCE CS,2583314.00,12469714.00,182939.00,14756507.00,15235967.00,2021
INDEPENDENCE CS WEST,2253756.00,12798766.00,107518.00,13352738.00,15160040.00,2021
INDIANA AREA SD,2570531.90,34967529.63,19716918.31,57357519.11,57350859.52,2021
INDIANA COUNTY TECHNOLOGY CENTER,1065810.92,4785714.38,1440314.98,7286461.87,7473874.73,2021
INFINITY CS,272499.00,3054600.00,4698.00,7970957.00,6953165.00,2021
INNOVATIVE ARTS ACADEMY CS,1576859.95,7761822.50,60688.80,8200719.07,9399371.25,2021
INQUIRY CS,2399371.00,4162561.00,54591.00,5655561.00,6616523.00,2021
INSIGHT PA CYBER CS,7061435.00,66416618.00,60551.00,59722712.17,73538604.00,2021
INTERBORO SD,4483953.71,47140312.22,25186183.08,72856922.50,77310062.48,2021
IROQUOIS SD,2193292.10,7808811.67,14210895.37,24208017.19,24212999.14,2021
JAMESTOWN AREA SD,1317773.30,3722843.10,5309181.97,10719990.56,10349798.37,2021
JEANNETTE CITY SD,5006397.39,5998905.77,13620465.23,23611140.39,24625768.39,2021
JEFFERSON COUNTY-DUBOIS AVTS,NULL,6794138.90,1413713.22,NULL,NULL,2021
JEFFERSON COUNTY-DUBOIS AREA VOCATIONAL-TECHNICAL SCHOOL,1155912.20,NULL,NULL,9315871.41,9363764.32,2021
JEFFERSON-MORGAN SD,1142326.17,5506646.92,9730215.24,15583301.31,16379188.33,2021
JENKINTOWN SD,464055.37,13901764.05,3489400.88,17734539.48,17855220.30,2021
JERSEY SHORE AREA SD,3049271.25,19445926.40,23971423.23,45842483.78,46475002.88,2021
JIM THORPE AREA SD,5357350.51,35195188.14,10620427.43,53994411.56,57463316.08,2021
JOHNSONBURG AREA SD,591815.31,2972848.14,7911773.02,10268439.98,11476436.47,2021
JUNIATA COUNTY SD,5476224.25,20287745.98,20289543.58,67420120.60,70141283.62,2021
JUNIATA VALLEY SD,1118588.84,4454008.31,8342019.29,13408153.41,13917372.44,2021
KIPP DUBOIS CS,1505502.00,9060229.00,100672.00,10277463.00,10666403.00,2021
KIPP NORTH PHILADELPHIA CS,1248588.00,7511557.00,16405.00,7934346.00,8776550.00,2021
KIPP PHILADELPHIA CS,2290385.00,16132409.00,93289.00,17358790.00,18986795.00,2021
KIPP WEST PHILADELPHIA CS,2727220.00,12854757.00,157583.00,16257779.00,15739560.00,2021
KANE AREA SD,2068319.53,4865665.27,13358136.79,19275255.19,20307839.59,2021
KARNS CITY AREA SD,223093.00,8547421.00,16453795.00,25179418.82,25231296.00,2021
KENNETT CONSOLIDATED SD,3234168.81,74744169.31,18511531.81,96258711.93,96489869.93,2021
KEYSTONE ACADEMY CS,1532086.00,9593050.00,131672.00,9415746.21,11256808.00,2021
KEYSTONE CENTRAL CTC,NULL,NULL,NULL,NULL,NULL,2021
KEYSTONE CENTRAL CAREER AND TECHNOLOGY CENTER,NULL,NULL,NULL,NULL,NULL,2021
KEYSTONE CENTRAL SD,7803145.46,35394104.96,39843306.86,82085167.88,83040557.28,2021
KEYSTONE EDUCATION CENTER CS,917404.01,4265136.88,80754.88,4440403.36,5263295.77,2021
KEYSTONE OAKS SD,1148719.00,32453160.00,11917249.00,44081146.00,45525233.00,2021
KEYSTONE SD,1854064.78,5590511.69,11360957.66,17921491.91,18805534.13,2021
KISKI AREA SD,4317507.24,27916670.18,30186305.05,63570903.70,62433041.63,2021
KUTZTOWN AREA SD,1298896.36,24336028.34,9191466.49,44579231.49,44314197.12,2021
LA ACADEMIA PARTNERSHIP CS,678341.00,4055636.00,64414.00,5186102.00,4798391.00,2021
LABORATORY CS,2971067.00,7434769.00,105777.00,10667143.00,10511613.00,2021
LACKAWANNA TRAIL SD,1893340.00,11367385.00,10555588.00,22360938.36,23840074.00,2021
LAKE-LEHMAN SD,1192699.90,18828222.03,13687189.71,33217863.33,33708111.64,2021
LAKELAND SD,1860992.25,12948033.59,11040213.82,26687240.68,25849239.66,2021
LAKEVIEW SD,2356128.84,5831795.89,11504590.60,20609057.23,19727109.33,2021
LAMPETER-STRASBURG SD,1577358.08,41956218.74,13129342.45,56451576.32,56674219.27,2021
LANCASTER COUNTY CTC-BROWNSTOWN CAMPUS,6915200.78,19166837.72,5095982.04,NULL,31268450.81,2021
LANCASTER COUNTY CAREER AND TECHNOLOGY CENTER - BROWNSTOWN CAMPUS,NULL,NULL,NULL,31008802.38,NULL,2021
LANCASTER SD,31915256.00,97929024.00,119720880.00,257225272.00,253858178.00,2021
LAUREL HIGHLANDS SD,6460194.94,25446485.04,26595198.50,58948356.29,58501878.48,2021
LAUREL SD,1151248.42,6146924.51,12212665.74,20226317.07,19515697.67,2021
LAWRENCE COUNTY CTC,357387.00,NULL,NULL,7026061.73,NULL,2021
LAWRENCE COUNTY CAREER AND TECHNICAL CENTER,NULL,5159425.07,1509251.18,NULL,7026063.25,2021
LEBANON COUNTY CTC,2192454.74,5667117.06,NULL,9642750.51,9662613.13,2021
LEBANON COUNTY CAREER AND TECHNOLOGY CENTER,NULL,NULL,1801191.33,NULL,NULL,2021
LEBANON SD,8231504.24,24381019.82,58161445.43,80066401.66,91831074.02,2021
LEECHBURG AREA SD,1889076.37,6980891.90,7467529.92,16332974.99,16337594.19,2021
LEHIGH CAREER & TECHNICAL INSTITUTE,NULL,25331403.01,6045322.07,32590566.59,NULL,2021
LEHIGH CAREER AND TECHNICAL INSTITUTE,1414974.49,NULL,NULL,NULL,33286537.76,2021
LEHIGH VALLEY ACADEMY REGIONAL CS,2986601.00,28015784.00,223113.00,29255915.00,33456701.00,2021
LEHIGH VALLEY CHARTER HIGH SCHOOL FOR TH,1049028.66,9627772.65,95343.04,9713271.35,10879841.59,2021
LEHIGH VALLEY CHARTER HIGH SCHOOL FOR THE ARTS,NULL,NULL,NULL,NULL,NULL,2021
LEHIGH VALLEY DUAL LANGUAGE CS,1323179.00,6116335.00,25668.00,16456005.00,16218109.00,2021
LEHIGHTON AREA SD,3470325.23,25565259.93,18403833.79,42704989.77,47470714.23,2021
LENAPE TECH,370491.90,7286997.98,1805449.52,NULL,9649366.14,2021
LENAPE TECHNICAL SCHOOL,NULL,NULL,NULL,9539592.14,NULL,2021
LEWISBURG AREA SD,2631567.91,28016852.68,9856874.75,76523418.13,76547327.50,2021
LIFE MALE STEAM ACADEMY CS,25704.00,2112622.00,3131.00,2157635.00,2141457.00,2021
LIGONIER VALLEY SD,1909768.40,19424570.41,12102376.68,33722222.54,35180690.49,2021
LINCOLN CS,2674511.49,10215171.08,195921.10,11980782.27,13211325.67,2021
LINCOLN LEADERSHIP ACADEMY CS,2163304.43,12269430.10,211202.99,12535683.53,15928181.50,2021
LINCOLN PARK PERFORMING ARTS CS,781190.70,10453703.35,201344.73,10546434.90,11436238.78,2021
LINDLEY ACADEMY CS AT BIRNEY,3266356.00,11435633.00,59456.00,17094627.00,14761445.00,2021
LINE MOUNTAIN SD,2014217.35,9040392.56,11732704.32,21335104.05,22787314.23,2021
LITTLESTOWN AREA SD,1036632.93,22093649.36,13768503.09,36057451.09,36953488.38,2021
LOWER DAUPHIN SD,2046026.78,41296083.75,22627303.66,66471486.99,66016728.61,2021
LOWER MERION SD,2869841.50,253558992.90,42386983.28,313815817.70,298815817.70,2021
LOWER MORELAND TOWNSHIP SD,675738.11,44071754.25,10458905.06,56248756.33,56243510.87,2021
LOYALSOCK TOWNSHIP SD,1275867.55,17070900.31,7687880.65,25607579.60,26190447.43,2021
LYCOMING CTC,NULL,1434738.18,NULL,2102785.03,2102785.19,2021
LYCOMING CAREER AND TECHNOLOGY CENTER,187602.17,NULL,473428.59,NULL,NULL,2021
MAST COMMUNITY CS,4252364.00,24480952.00,327762.00,NULL,57099994.00,2021
MAST COMMUNITY CS II,4604572.00,23912837.00,250845.00,71355144.00,76375108.00,2021
MAST COMMUNITY CS III,3409033.00,16804189.00,153911.00,54553193.00,59311213.00,2021
MAHANOY AREA SD,1821327.84,6256772.44,13120384.58,21210221.40,21236534.86,2021
MANCHESTER ACADEMIC CS,1234666.00,7523733.00,82646.00,9723781.00,8841045.00,2021
MANHEIM CENTRAL SD,3308451.00,42614917.00,16342461.00,61108377.42,62314642.40,2021
MANHEIM TOWNSHIP SD,3517552.95,83241799.10,22053880.07,109032990.60,111918491.90,2021
MARIANA BRACETTI ACADEMY CS,4123465.00,23442631.00,343093.00,24627524.00,27909189.00,2021
MARION CENTER AREA SD,2727703.87,8168581.94,16661801.17,25832155.09,27558086.98,2021
MARITIME ACADEMY CS,5139341.80,12000064.72,93172.24,16724549.85,17232578.76,2021
MARPLE NEWTOWN SD,2383693.07,82214121.17,15918647.87,102928900.90,105023566.50,2021
MARS AREA SD,825788.97,39188204.60,14186667.44,52381024.95,54200661.01,2021
MASTERY CHS-LENFEST CAMPUS,2631077.00,10161981.00,55765.00,12545674.00,12848823.00,2021
MASTERY CS - MANN CAMPUS,2453192.00,8238815.00,60569.00,10094519.00,10870536.00,2021
MASTERY CS - SHOEMAKER CAMPUS,3327721.00,12844851.00,NULL,NULL,NULL,2021
MASTERY CS - THOMAS CAMPUS,5333662.00,18792677.00,263460.00,NULL,24507759.00,2021
MASTERY CS -SHOEMAKER CAMPUS,NULL,NULL,203945.00,16476748.00,16491805.00,2021
MASTERY CS -THOMAS CAMPUS,NULL,NULL,NULL,23136100.00,NULL,2021
MASTERY CS JOHN WISTER ELEMENTARY,2745149.00,7880740.00,12732.00,10675700.00,10638621.00,2021
MASTERY CS-CLEVELAND ELEMENTARY,4034809.00,10726830.00,95588.00,13616350.00,14857227.00,2021
MASTERY CS-CLYMER ELEMENTARY,2460349.00,7126516.00,56251.00,9564565.00,9761251.00,2021
MASTERY CS-FRANCIS D. PASTORIUS ELEMENTA,2903977.00,NULL,39350.00,NULL,NULL,2021
MASTERY CS-FRANCIS D. PASTORIUS ELEMENTARY,NULL,9960440.00,NULL,12053879.00,13021727.00,2021
MASTERY CS-GRATZ CAMPUS,6128475.00,23007854.00,228548.00,27425576.00,29561197.00,2021
MASTERY CS-HARDY WILLIAMS,4776667.00,18641333.00,280260.00,23297865.00,23698260.00,2021
MASTERY CS-HARRITY CAMPUS,4409193.00,11927940.00,93101.00,15840478.00,16430234.00,2021
MASTERY CS-PICKETT CAMPUS,4625112.00,14629917.00,219837.00,19144182.00,19474866.00,2021
MASTERY CS-SMEDLEY CAMPUS,4234461.00,11946314.00,105075.00,15185067.00,16364490.00,2021
MASTERY PREP ELEMENTARY CS,1897998.00,7028777.00,67118.00,8664775.00,8993893.00,2021
MATH CIVICS AND SCIENCES CS,1026707.00,11170062.83,234799.91,10381383.60,12431569.74,2021
MATHEMATICS SCIENCE & TECHNOLOGY COMMUNITY CS,NULL,NULL,NULL,65100123.00,NULL,2021
MCGUFFEY SD,1303274.59,15242532.31,17081161.81,33099895.27,33626968.71,2021
MCKEESPORT AREA SD,11612932.00,20486997.00,47062225.00,76188220.00,79162154.00,2021
MCKEESPORT AREA TECH CTR,NULL,NULL,NULL,NULL,NULL,2021
MCKEESPORT AREA TECHNOLOGY CENTER,NULL,NULL,NULL,NULL,NULL,2021
MECHANICSBURG AREA SD,1898038.84,61053224.14,20238697.98,82877468.17,83197460.96,2021
MEMPHIS STREET ACADEMY CS @ JP JONES,1666660.00,9244215.00,68241.00,11090729.00,10979116.00,2021
MERCER AREA SD,1287983.25,8574958.99,9853111.80,20032329.21,19966054.04,2021
MERCER COUNTY CAREER CENTER,384405.00,4603300.00,1263193.00,6567084.00,6250898.00,2021
METHACTON SD,987491.28,100033752.80,24727297.28,127913073.10,127419531.20,2021
MEYERSDALE AREA SD,2583058.01,3300900.55,11149653.82,17507295.22,17123637.56,2021
MID VALLEY SD,3201958.44,20104175.12,10087224.41,33876769.30,33679743.31,2021
MIDD-WEST SD,0.00,0.00,0.00,0.00,0.00,2021
MIDDLE BUCKS INSTITUTE OF TECHNOLOGY,508430.94,10817326.26,1860525.66,13393957.22,13186282.86,2021
MIDDLETOWN AREA SD,4470898.44,32149301.98,17515488.81,53784850.14,54139629.83,2021
MIDLAND BOROUGH SD,623208.91,1150716.88,4658028.21,6650114.87,6431954.00,2021
MIFFLIN COUNTY ACADEMY OF SCIENCE AND TE,428547.00,3125838.00,942304.00,4462696.00,NULL,2021
MIFFLIN COUNTY ACADEMY OF SCIENCE AND TECHNOLOGY,NULL,NULL,NULL,NULL,4502626.00,2021
MIFFLIN COUNTY SD,12049292.75,37841920.39,42250180.93,86902642.85,92141394.07,2021
MIFFLINBURG AREA SD,4664387.90,19447666.40,15148366.20,36010518.99,39269619.81,2021
MILLCREEK TOWNSHIP SD,7116394.51,71818817.81,33042939.85,114617343.70,112098862.20,2021
MILLERSBURG AREA SD,501843.94,8154807.04,7267359.48,15747342.60,15924010.46,2021
MILLVILLE AREA SD,1151206.12,6262778.14,7031608.25,14248384.10,14471092.39,2021
MILTON AREA SD,5573627.01,18544192.37,17371116.65,38683211.96,41488936.03,2021
MINERSVILLE AREA SD,2219782.43,9181236.45,10467861.59,21559104.61,22818880.47,2021
MOHAWK AREA SD,1619894.10,8690107.11,16691180.21,26667326.47,27015411.42,2021
MON VALLEY CTC,281212.56,2426735.12,NULL,3622650.35,3657068.49,2021
MON VALLEY CAREER AND TECHNOLOGY CENTER,NULL,NULL,949120.81,NULL,NULL,2021
MONESSEN CITY SD,2021405.48,5059049.24,10897190.67,17658953.29,17977645.39,2021
MONITEAU SD,943446.01,7719156.96,13366521.87,22262102.56,22029124.84,2021
MONROE CAREER & TECH INST,NULL,7718680.11,4507430.00,13558058.17,NULL,2021
MONROE CAREER AND TECHNICAL INSTITUTE,1341229.00,NULL,NULL,NULL,13575254.04,2021
MONTESSORI REGIONAL CS,1247566.00,6810998.00,33734.00,8029634.00,8270573.00,2021
MONTGOMERY AREA SD,2088236.24,7309954.22,9506485.67,19044224.75,19243877.59,2021
MONTOUR SD,3092260.78,59178273.95,14460735.46,71075646.80,78405972.82,2021
MONTOURSVILLE AREA SD,2167132.00,17991793.19,13456412.69,33220690.32,33632387.88,2021
MONTROSE AREA SD,4061728.57,13469309.63,14510419.52,32105543.91,32041837.57,2021
MOON AREA SD,1726946.83,64275312.77,19299001.52,85760200.26,86256437.83,2021
MORRISVILLE BOROUGH SD,2069167.00,14404433.00,7582424.00,24201469.00,24056024.00,2021
MOSHANNON VALLEY SD,1346004.00,4218034.00,11207162.00,28035264.94,27229235.00,2021
MOUNT CARMEL AREA SD,1876285.00,6154620.84,15329208.78,27124111.74,23360114.62,2021
MOUNT PLEASANT AREA SD,1900838.25,17384893.57,16356395.66,35178881.96,35802048.91,2021
MOUNT UNION AREA SD,1820969.61,5807195.45,14805737.19,23363134.31,22433902.25,2021
MOUNTAIN VIEW SD,1034326.39,10924860.31,10308271.53,21833124.51,22267458.23,2021
MT LEBANON SD,4504128.79,80931032.40,24440072.42,110915015.30,109886799.60,2021
MUHLENBERG SD,5545915.10,45293599.07,20528094.40,67366132.11,71428085.78,2021
MULTICULTURAL ACADEMY CS,862620.00,3743993.00,72462.00,9266900.00,9354405.00,2021
MUNCY SD,1210615.75,10930461.35,7604218.64,19541945.91,19745295.74,2021
NAME,NULL,NULL,NULL,NULL,NULL,2021
NAZARETH AREA SD,1900234.86,74951179.27,24182706.34,97133584.99,101306460.40,2021
NESHAMINY SD,2812974.67,140160705.40,47614976.60,189581064.90,190763656.70,2021
NESHANNOCK TOWNSHIP SD,1047444.29,14734094.07,6784408.24,21664038.08,22565946.60,2021
NEW BRIGHTON AREA SD,1997434.97,8197147.27,18050849.14,25765826.00,28245431.38,2021
NEW CASTLE AREA SD,16164574.72,10628725.14,41772821.81,65964569.79,68576191.42,2021
NEW DAY CS,274965.36,3180303.32,10844.14,3035700.22,3466112.82,2021
NEW FOUNDATIONS CS,4269436.00,20719943.00,301850.00,24437922.00,25291229.00,2021
NEW HOPE-SOLEBURY SD,561305.86,39515907.66,7115653.83,43383746.18,47192867.35,2021
NEW KENSINGTON-ARNOLD SD,4065538.97,13193141.26,23607010.39,39543157.13,40865690.62,2021
NEWPORT SD,1904264.35,9345123.49,11136956.29,28657066.34,29209824.29,2021
NITTANY VALLEY CS,15385.00,893925.00,1868.00,848061.00,911178.00,2021
NORRISTOWN AREA SD,23278846.22,123251106.80,43569573.13,174811489.50,190099526.20,2021
NORTH ALLEGHENY SD,2457553.04,141555166.00,38541853.11,185272022.80,186012542.60,2021
NORTH CLARION COUNTY SD,1034986.11,3742083.25,5869706.30,10757223.67,10646775.66,2021
NORTH EAST SD,4980406.56,10777693.04,18347590.94,44413034.74,48038138.49,2021
NORTH HILLS SD,1244671.16,65482946.42,21202916.34,86584696.86,87931052.92,2021
NORTH MONTCO TECH CAREER CENTER,865980.51,NULL,2497872.43,NULL,14925403.96,2021
NORTH MONTCO TECHNICAL CAREER CENTER,NULL,11561551.02,NULL,14845909.14,NULL,2021
NORTH PENN SD,8079613.20,222824483.30,55882161.69,280979194.90,287286258.20,2021
NORTH POCONO SD,1379987.69,38645291.32,23463701.46,61733999.67,63488980.47,2021
NORTH SCHUYLKILL SD,2742088.35,13868851.71,17929580.48,40631053.23,40746279.54,2021
NORTH STAR SD,1451227.23,5969049.06,12591792.72,19302518.50,20106750.58,2021
NORTHAMPTON AREA SD,5020103.03,81835099.85,33396631.91,116550622.00,120540909.70,2021
NORTHEAST BRADFORD SD,1372258.05,5049247.44,9538832.68,15259440.06,15960338.17,2021
NORTHEASTERN YORK SD,2471519.15,50621969.86,26123392.16,76270854.37,79216881.17,2021
NORTHERN BEDFORD COUNTY SD,384379.48,4583389.49,9374027.77,15097896.63,15124796.74,2021
NORTHERN CAMBRIA SD,407537.28,3714603.50,14215208.71,18473016.43,18511475.73,2021
NORTHERN LEBANON SD,2081131.81,26191596.40,16277014.06,43830002.38,44549742.27,2021
NORTHERN LEHIGH SD,2538270.06,20039386.49,14344079.05,34554700.81,37085308.20,2021
NORTHERN POTTER SD,4492702.48,3769904.07,7306000.99,15351122.15,15568607.54,2021
NORTHERN TIER CAREER CENTER,630837.27,2769526.26,1101284.54,4552272.44,4573748.07,2021
NORTHERN TIOGA SD,1689105.70,13144260.74,22694623.23,35955320.50,37527989.67,2021
NORTHERN WESTMORELAND CTC,300017.00,2546268.30,869434.00,NULL,NULL,2021
NORTHERN WESTMORELAND CAREER & TECHNOLOGY CENTER,NULL,NULL,NULL,3734489.70,3715719.30,2021
NORTHERN YORK COUNTY SD,1313009.04,38417553.77,17573460.63,64944590.29,66276839.04,2021
NORTHGATE SD,1893187.00,15540165.00,8958169.00,26323223.00,26391521.00,2021
NORTHUMBERLAND COUNTY CTC,236813.60,NULL,725908.26,NULL,2219756.36,2021
NORTHUMBERLAND COUNTY CAREER AND TECHNOLOGY CENTER,NULL,1257034.50,NULL,2209595.43,NULL,2021
NORTHWEST AREA SD,1392712.09,7890208.66,12102851.73,22409437.50,21385772.48,2021
NORTHWESTERN LEHIGH SD,1358150.03,32353766.02,13867562.56,46141606.74,47579478.61,2021
NORTHWESTERN SD,2588370.89,6480692.63,15347851.62,24831006.26,24457115.14,2021
NORTHWOOD ACADEMY CS,2662839.62,11071914.56,76424.65,13538084.93,13811178.83,2021
NORWIN SD,2637239.21,44921506.22,31436519.16,78824942.20,78999230.19,2021
OCTORARA AREA SD,3126955.50,39423139.59,15812918.60,58389319.26,58389318.69,2021
OIL CITY AREA SD,5006334.89,9784107.56,25007296.44,37504610.97,39797738.89,2021
OLD FORGE SD,1459745.21,8668975.12,7530048.32,31583673.25,35205378.65,2021
OLEY VALLEY SD,3007062.35,24397752.29,9979388.62,37915686.67,37643992.80,2021
OSWAYO VALLEY SD,468387.69,2551432.18,6068898.40,8871113.32,9088718.27,2021
OTTO-ELDRED SD,1525659.44,2338315.65,9052208.05,12391869.38,12959672.14,2021
OWEN J ROBERTS SD,3599524.62,94048518.20,26113356.68,122718428.90,123843283.70,2021
OXFORD AREA SD,5343965.53,43183106.03,26984755.84,79230282.22,76202147.20,2021
PALISADES SD,1057572.34,34889545.13,10360153.86,45534091.52,46307271.33,2021
PALMERTON AREA SD,1620846.54,21482482.36,13751201.63,35618991.39,36952530.53,2021
PALMYRA AREA SD,2710422.79,40617372.14,16745148.32,62095558.14,60834812.25,2021
PAN AMERICAN ACADEMY CS,4448269.00,11788336.00,194368.00,15849946.00,16430973.00,2021
PANTHER VALLEY SD,7222778.60,12644496.73,16030865.77,44879277.59,50373888.57,2021
PARKLAND SD,6002944.95,156445743.10,36670124.51,203485430.60,199957844.10,2021
PARKWAY WEST CTC,621528.00,6757668.00,1602011.00,NULL,8981207.00,2021
PARKWAY WEST CAREER AND TECHNOLOGY CENTER,NULL,NULL,NULL,8802771.00,NULL,2021
PASSPORT ACADEMY CS,611257.00,2956896.00,17741.00,3288015.00,3585894.00,2021
PEN ARGYL AREA SD,1859733.85,21457036.04,10801899.42,34070217.66,34122869.31,2021
PENN CAMBRIA SD,2637659.46,7983454.14,16739248.37,27068791.34,27360361.97,2021
PENN HILLS CS OF ENTREPRENEURSHIP,806110.00,6664969.00,41934.00,11796205.00,20575948.00,2021
PENN HILLS SD,10144493.65,53650011.40,34648010.58,91918176.78,98442515.63,2021
PENN MANOR SD,5211056.89,63884090.90,28718684.83,94929354.04,97827454.62,2021
PENN-DELCO SD,1815012.00,48291212.00,17979427.00,64377319.61,68085651.00,2021
PENN-TRAFFORD SD,1763392.04,34793064.29,27023328.11,64941285.09,63588945.44,2021
PENNCREST SD,4898916.33,19334618.63,32176110.63,57267251.18,56443299.59,2021
PENNRIDGE SD,4651548.86,111456990.90,34325136.25,159736765.30,159736764.00,2021
PENNS MANOR AREA SD,1437762.80,5558612.88,12440995.30,19065745.82,19440703.98,2021
PENNS VALLEY AREA SD,1520620.32,18205599.00,10737865.02,29104206.31,30572131.74,2021
PENNSBURY SD,6164043.24,167472686.80,53931744.20,227399057.30,227579705.30,2021
PENNSYLVANIA CYBER CS,6108691.28,189093165.30,1070342.91,159258129.00,197770161.50,2021
PENNSYLVANIA DISTANCE LEARNING CS,2564615.00,22254625.00,87580.00,22378755.00,24906820.00,2021
PENNSYLVANIA LEADERSHIP CS,4141581.00,61006718.00,96775.00,54534086.00,67898652.00,2021
PENNSYLVANIA STEAM ACADEMY CS,31566.30,1606405.50,0.00,2150246.89,2286819.43,2021
PENNSYLVANIA VIRTUAL CS,4546700.00,51556118.00,206546.00,48893567.00,56309364.00,2021
PEOPLE FOR PEOPLE CS,2947130.00,8591083.00,141471.00,11880005.00,11679684.00,2021
PEQUEA VALLEY SD,5541898.63,30938654.44,8670855.33,41904380.34,46235075.48,2021
PERKIOMEN VALLEY SD,2285543.06,90667010.45,24999923.97,119839243.10,117960587.50,2021
PERSEUS HOUSE CS OF EXCELLENCE,2483793.05,8417623.93,238590.87,10707609.31,11140007.85,2021
PETERS TOWNSHIP SD,579138.50,57148597.32,16852556.25,75094805.11,74587592.07,2021
PHILADELPHIA ACADEMY CS,3966275.03,18224297.59,278299.16,26609207.90,22740337.78,2021
PHILADELPHIA CITY SD,974105408.80,1657465386.00,1773786443.00,4205229765.00,4410934817.00,2021
PHILADELPHIA HEBREW PUBLIC CS,1243006.00,5565483.00,85362.00,6401309.00,6893851.00,2021
PHILADELPHIA MONTESSORI CS,552132.00,3703156.00,22040.00,4466271.00,4277328.00,2021
PHILADELPHIA PERFORMING ARTS CS,7559755.00,37054749.00,471093.00,44722459.00,45085597.00,2021
PHILIPSBURG-OSCEOLA AREA SD,3867716.87,12227911.17,20005633.79,35387155.18,36101261.83,2021
PHOENIXVILLE AREA SD,2925910.29,84485160.73,18905607.59,98397389.63,106316678.60,2021
PINE GROVE AREA SD,1337020.80,14070442.89,12584078.62,27663886.65,27991542.31,2021
PINE-RICHLAND SD,1257904.00,76897937.00,19357035.00,100941244.00,103397926.00,2021
PITTSBURGH SD,67764056.87,402032833.60,297498164.00,731500327.20,767613575.00,2021
PITTSTON AREA SD,5295961.05,33771086.52,22144520.85,60492941.72,61223115.39,2021
PLEASANT VALLEY SD,3219188.69,56079662.67,44562423.65,100666912.50,104347754.80,2021
PLUM BOROUGH SD,1724020.50,37951972.58,27301656.41,65717215.46,66977649.49,2021
POCONO MOUNTAIN SD,12826925.89,144221507.40,69519107.73,236727800.10,231318182.50,2021
PORT ALLEGANY SD,2291196.73,3844974.73,11920092.35,17775433.99,18056263.81,2021
PORTAGE AREA SD,916412.88,3024805.73,10509082.89,14675063.56,14450301.50,2021
POTTSGROVE SD,2664313.00,46627355.00,21072350.00,95280992.00,97289536.00,2021
POTTSTOWN SD,5792273.92,35966474.32,31496484.05,70283521.26,73307225.16,2021
POTTSVILLE AREA SD,3245361.09,19429832.30,22491705.38,40683422.70,47004662.86,2021
PREMIER ARTS AND SCIENCE CS,909491.16,2749711.23,31483.09,3743106.94,3760983.95,2021
PROPEL CS-BRADDOCK HILLS,1408674.00,17211754.00,148297.00,19217281.00,18768725.00,2021
PROPEL CS-EAST,679188.00,6030868.00,34601.00,9524159.00,9940475.00,2021
PROPEL CS-HAZELWOOD,928970.00,5660416.00,17884.00,6342691.00,6607270.00,2021
PROPEL CS-HOMESTEAD,1003953.00,11845613.00,51899.00,12731825.00,12901465.00,2021
PROPEL CS-MCKEESPORT,641317.00,5863324.00,42237.00,9255957.00,9892270.00,2021
PROPEL CS-MONTOUR,1522151.00,14515470.00,40100.00,19711763.00,20773478.00,2021
PROPEL CS-NORTHSIDE,735574.00,8634305.00,36321.00,8828993.00,9406200.00,2021
PROPEL CS-PITCAIRN,561707.00,4300452.00,24063.00,5175543.00,4886222.00,2021
PROVIDENT CS,978450.67,10353550.06,5645.55,9302708.23,11337646.28,2021
PUNXSUTAWNEY AREA SD,4679204.62,12475101.17,26890256.06,42712456.38,44057191.25,2021
PURCHASE LINE SD,2292583.26,3910589.02,14577148.61,19800858.19,20780320.89,2021
QUAKER VALLEY SD,1125945.57,45244065.15,9166891.64,55252012.56,55536902.36,2021
QUAKERTOWN COMMUNITY SD,2876922.98,87317866.07,27711882.77,112816283.50,118627841.30,2021
RADNOR TOWNSHIP SD,2867660.11,89715961.85,15790163.87,105728780.90,108398447.80,2021
REACH CYBER CS,14654269.97,117588214.20,141137.61,114671561.80,132383621.80,2021
READING SD,30780574.88,50815923.68,222515177.50,301126971.50,307890090.20,2021
RED LION AREA SD,4185448.00,55301015.00,36015626.00,102635493.00,101339521.00,2021
REDBANK VALLEY SD,1399772.87,4882242.65,13714237.58,20329711.49,19996253.10,2021
RENAISSANCE ACADEMY CS,997926.00,20307740.00,36290.00,23785512.00,21403812.00,2021
REYNOLDS SD,1641573.11,7261629.79,13186677.75,22731354.78,22089880.65,2021
RICHARD ALLEN PREPARATORY CS,2080004.00,5650803.00,125078.00,12328305.00,11904162.00,2021
RICHLAND SD,1564939.18,15212688.85,7240353.97,25314083.72,24017984.70,2021
RIDGWAY AREA SD,897571.87,5387010.68,8938269.64,15015347.10,15222852.19,2021
RIDLEY SD,2858585.47,79474445.70,34660530.83,120444621.90,117227701.00,2021
RINGGOLD SD,2414372.94,24183378.89,23385326.33,49903609.80,49983078.16,2021
RIVERSIDE BEAVER COUNTY SD,1204085.14,10797508.19,14289893.00,25545486.68,26294080.14,2021
RIVERSIDE SD,1155491.33,16926026.18,10621346.13,29228216.45,29041065.64,2021
RIVERVIEW SD,1248584.00,18276694.00,6988976.00,26096129.00,26514254.00,2021
ROBERT BENJAMIN WILEY COMMUNITY CS,587583.15,7518175.70,111083.14,8032761.69,8216841.99,2021
ROBERTO CLEMENTE CS,2440086.00,7905129.00,147406.00,14606263.00,15514714.00,2021
ROCHESTER AREA SD,1987923.85,6148846.59,11540155.03,20058499.95,19676925.47,2021
ROCKWOOD AREA SD,373981.11,6837960.01,5670754.38,11849430.58,12949376.60,2021
ROSE TREE MEDIA SD,1172486.19,86330384.63,19116665.51,105820918.70,106739556.00,2021
RUSSELL BYERS CS,3292633.00,10886081.00,128458.00,12623189.00,14307172.00,2021
SUN AREA TECHNICAL INSTITUTE,250197.76,5664988.80,1466639.10,7431094.22,7381825.66,2021
SAINT CLAIR AREA SD,985857.42,5604047.52,6236372.51,15666006.46,16698338.45,2021
SAINT MARYS AREA SD,1477960.73,16060011.40,12683730.13,29041028.27,30221702.26,2021
SALISBURY TOWNSHIP SD,2806159.03,32252027.33,7987802.15,39178269.28,45683755.89,2021
SALISBURY-ELK LICK SD,1784135.79,1342491.71,3134673.66,6347832.70,6280313.07,2021
SANKOFA FREEDOM ACADEMY CS,3806181.00,10001202.00,60198.00,13807023.00,13867581.00,2021
SAUCON VALLEY SD,2065092.44,37607593.66,10574300.70,49266237.64,50931535.80,2021
SAYRE AREA SD,2153652.86,8964761.39,10801087.54,21936748.79,21919501.79,2021
SCHOOL LANE CS,2162496.43,20754847.14,41712.30,22302455.89,22959055.87,2021
SCHUYLKILL HAVEN AREA SD,1405941.01,9182082.66,11482794.39,22645512.34,22311532.88,2021
SCHUYLKILL TECHNOLOGY CENTERS-NORTH CAMP,678575.49,5939221.99,1971908.57,8749693.09,8589706.05,2021
SCHUYLKILL VALLEY SD,627328.40,31238497.64,9938736.26,41622673.80,41808387.30,2021
SCRANTON SD,12759395.36,75253474.98,91131558.73,178852842.60,179145502.30,2021
SELINSGROVE AREA SD,2910006.06,27891788.34,16755313.19,46908703.29,47568525.31,2021
SENECA HIGHLANDS CAREER AND TECHNICAL CE,NULL,NULL,736632.61,2629885.50,2588420.37,2021
SENECA VALLEY SD,3812337.92,109262744.10,36321855.61,142024281.70,149396937.60,2021
SEVEN GENERATIONS CS,680254.00,5441431.00,17988.00,5680051.00,6139673.00,2021
SHADE-CENTRAL CITY SD,478328.26,2598946.25,5914017.36,8536513.70,8991291.87,2021
SHALER AREA SD,3959413.80,58426509.87,27857225.60,112825297.00,109946743.30,2021
SHAMOKIN AREA SD,4090198.64,8240301.53,21552286.60,33275092.70,33907652.77,2021
SHANKSVILLE-STONYCREEK SD,433973.15,4220986.22,2792793.95,7326139.32,7472687.61,2021
SHARON CITY SD,5418030.97,11876302.57,26114879.83,42983033.64,43411453.37,2021
SHARPSVILLE AREA SD,1063531.87,6627006.32,11094160.35,17903936.27,18784698.54,2021
SHENANDOAH VALLEY SD,3417270.03,5481331.35,13264314.75,21301345.65,22162916.13,2021
SHENANGO AREA SD,3498145.94,6980956.72,12060747.77,22810521.34,22540464.43,2021
SHIKELLAMY SD,4985654.49,23314456.68,24126895.41,55686267.26,56423364.83,2021
SHIPPENSBURG AREA SD,3547505.55,35048412.73,20219136.88,55637571.63,58815055.16,2021
SLIPPERY ROCK AREA SD,399690.00,17890392.11,15703363.00,34143961.39,33993445.11,2021
SMETHPORT AREA SD,2001991.80,5036987.57,10803456.27,23540580.07,23402435.64,2021
SOLANCO SD,5224214.84,38880149.51,20846716.98,64321627.63,65136580.53,2021
SOMERSET AREA SD,2305349.37,23596993.51,16274399.41,41679496.60,42176742.29,2021
SOMERSET COUNTY TECHNOLOGY CENTER,1350750.92,4154024.43,1214980.36,6954718.12,6771830.50,2021
SOUDERTON AREA SD,2759858.29,102239709.30,31514164.26,138555066.10,137399297.00,2021
SOUDERTON CS COLLABORATIVE,133888.00,3983632.00,25769.00,4143754.00,4143289.00,2021
SOUTH ALLEGHENY SD,2670511.63,9014723.80,16794292.76,29470191.60,28630629.42,2021
SOUTH BUTLER COUNTY SD,1306394.84,21221889.50,15319766.55,39183546.65,38060180.89,2021
SOUTH EASTERN SD,1035570.59,36299307.87,19327409.99,56489178.56,56914160.78,2021
SOUTH FAYETTE TOWNSHIP SD,2040565.00,48902377.00,14412417.00,64326204.10,66294327.00,2021
SOUTH MIDDLETON SD,674754.01,29499294.21,10953054.98,40668311.27,41378606.21,2021
SOUTH PARK SD,1048767.57,23533977.96,13723386.06,37388434.71,38306131.59,2021
SOUTH SIDE AREA SD,1296515.53,9488994.96,14835518.00,25196520.18,25621028.49,2021
SOUTH WESTERN SD,828393.70,52381325.53,24572434.13,80229393.04,77782153.36,2021
SOUTH WILLIAMSPORT AREA SD,1762720.48,9117161.53,10531824.76,20465597.04,21411706.77,2021
SOUTHEAST DELCO SD,13363313.00,46208436.00,39054922.00,99361594.44,99664314.00,2021
SOUTHEASTERN GREENE SD,1561389.57,3281244.75,8399087.01,12817157.20,13241721.33,2021
SOUTHERN COLUMBIA AREA SD,564019.13,14264334.48,8747590.71,24046475.62,23575944.32,2021
SOUTHERN FULTON SD,1041949.65,5070852.77,8025418.15,14095917.77,14138220.57,2021
SOUTHERN HUNTINGDON COUNTY SD,1832260.08,5646708.17,11752029.11,19801122.23,19232451.86,2021
SOUTHERN LEHIGH SD,1364372.75,55192923.17,15174385.88,69496697.96,71731681.80,2021
SOUTHERN TIOGA SD,2501761.73,16604747.52,17507342.37,35242721.86,36661516.22,2021
SOUTHERN YORK COUNTY SD,1316667.00,40183224.97,18470731.00,57035749.48,59970622.97,2021
SOUTHMORELAND SD,1915704.06,13418650.79,17325683.39,33352484.43,33434321.10,2021
SOUTHWEST LEADERSHIP ACADEMY CS,2321475.00,10135094.00,142413.00,12769976.00,12811785.00,2021
SPECTRUM CS,136.00,1486517.00,628.00,1226686.00,1487281.00,2021
SPRING COVE SD,1943673.71,13052460.15,14279251.95,28332988.59,29275385.81,2021
SPRING GROVE AREA SD,3296925.78,49078758.14,26399492.85,80789916.17,78775176.77,2021
SPRING-FORD AREA SD,4690300.95,138919531.50,35196525.65,183517827.60,181269546.30,2021
SPRINGFIELD SD,1010815.32,65514354.13,15267844.32,83416156.68,81800862.77,2021
SPRINGFIELD TOWNSHIP SD,1452407.87,50742157.59,11338418.80,65656842.96,64698193.21,2021
STATE COLLEGE AREA SD,4626114.96,138564299.50,34456309.47,169529068.60,177666991.40,2021
STEEL CENTER FOR CAREER AND TECHNICAL ED,588040.00,4997555.00,1885422.00,6782994.00,7471017.00,2021
STEEL VALLEY SD,1277506.01,20908889.18,16342585.76,40929019.17,38678321.87,2021
STEELTON-HIGHSPIRE SD,5874148.00,8516837.00,17002538.00,32078876.00,31393523.00,2021
STO-ROX SD,4328387.26,9512755.53,20633267.47,31119940.40,34474410.26,2021
STONE VALLEY COMMUNITY CS,176525.58,1305925.72,17999.92,1274715.00,1500451.22,2021
STROUDSBURG AREA SD,8278250.73,79407822.33,38223494.43,120639783.60,126099095.60,2021
SUGAR VALLEY RURAL CS,716224.30,8385167.44,114522.29,10353042.80,9215914.03,2021
SULLIVAN COUNTY SD,836793.77,9963115.90,5495159.98,16235881.13,16295073.18,2021
SUSQUEHANNA COMMUNITY SD,2090876.77,4770678.00,11937833.00,17843958.84,18799387.77,2021
SUSQUEHANNA TOWNSHIP SD,5413867.52,42124041.52,12303660.87,60526778.61,60550812.71,2021
SUSQUENITA SD,1000865.90,17274537.22,15783258.08,33990834.48,34058661.20,2021
SYLVAN HEIGHTS SCIENCE CS,684727.00,2817148.00,22134.00,3514968.00,3524009.00,2021
TECH FREIRE CS,2147382.10,7679580.67,93813.18,9638852.61,9920775.95,2021
TACONY ACADEMY CS,3569396.00,15969732.00,243384.00,21047061.00,19782512.00,2021
TAMAQUA AREA SD,2487348.17,17539048.29,15115356.77,35454716.53,35141753.23,2021
THE NEW ACADEMY CS,290187.00,1690938.00,13484.00,2236849.00,1994609.00,2021
THE PHILADELPHIA CS FOR ARTS AND SCIENCE,3875113.00,16890223.00,326161.00,19684095.00,21091497.00,2021
TIDIOUTE COMMUNITY CS,571372.19,4663115.23,41640.81,5676027.95,5276479.23,2021
TITUSVILLE AREA SD,4873618.31,10303536.44,23344257.70,37853498.05,38548394.45,2021
TOWANDA AREA SD,2244277.38,13114739.33,14697956.14,29304729.03,30056972.85,2021
TREDYFFRIN-EASTTOWN SD,1343228.69,133225612.00,23848128.02,158149864.00,158416968.70,2021
TRI-VALLEY SD,630457.70,6590936.76,7892850.48,14361057.19,15114244.94,2021
TRINITY AREA SD,2896382.88,38249623.23,23141679.24,64752069.64,65230571.79,2021
TROY AREA SD,1907774.20,9714187.91,16066235.31,27804943.33,27688197.42,2021
TULPEHOCKEN AREA SD,1286217.00,25736667.62,9884294.37,36249952.75,36963556.32,2021
TUNKHANNOCK AREA SD,2983357.98,27361641.77,22339385.06,52199018.90,52684384.81,2021
TURKEYFOOT VALLEY AREA SD,362729.46,1910681.75,3630047.76,6111347.43,5952931.73,2021
TUSCARORA SD,3152870.00,23480329.00,17183241.00,42814914.00,43816440.00,2021
TUSSEY MOUNTAIN SD,1466234.19,5597273.73,12530064.17,18814177.77,19593572.09,2021
TWIN VALLEY SD,1223292.90,49398738.23,16740039.36,66816500.39,67364191.49,2021
TYRONE AREA SD,1968071.00,8414397.00,16622126.00,26877121.00,27004594.00,2021
UNION AREA SD,1004573.00,4846251.00,7721836.00,13900910.00,13575835.00,2021
UNION CITY AREA SD,1682027.71,4015259.56,14917447.98,20406425.06,20614735.25,2021
UNION SD,1734647.60,2650130.56,9138144.98,18411157.42,17522923.14,2021
UNIONTOWN AREA SD,7959382.40,19181518.85,27977885.47,53743955.59,55118786.72,2021
UNIONVILLE-CHADDS FORD SD,1057017.66,75625539.18,16835618.81,93772438.45,93521801.65,2021
UNITED SD,1788937.49,6222553.13,15135774.50,22071620.57,23220025.49,2021
UNIVERSAL ALCORN CS,2210447.00,7129848.00,22366.00,8578898.00,9362661.00,2021
UNIVERSAL AUDENRIED CS,2740555.00,9137108.00,486435.00,11184823.00,12364098.00,2021
UNIVERSAL CREIGHTON CS,2967057.65,10537760.40,72490.90,12570123.60,13577308.95,2021
UNIVERSAL INSTITUTE CS,6559294.00,8087859.00,235852.00,13898411.00,14906896.00,2021
UNIVERSAL VARE CS,2237418.00,2963419.00,42454.00,4853615.00,5243291.00,2021
UPPER ADAMS SD,814085.78,18476074.53,13720397.56,34864627.94,36810992.87,2021
UPPER BUCKS COUNTY TECHNICAL SCHOOL,333287.00,8888695.81,1601953.50,9767082.63,10823936.31,2021
UPPER DARBY SD,20218383.75,116424132.60,87273616.15,223182711.20,225351206.60,2021
UPPER DAUPHIN AREA SD,3032460.80,10128091.83,10924298.65,24005814.28,24084851.28,2021
UPPER DUBLIN SD,749381.70,92645417.62,18913414.04,110629040.10,116068766.10,2021
UPPER MERION AREA SD,2872046.05,101368824.60,16956640.16,194890909.30,195144413.60,2021
UPPER MORELAND TOWNSHIP SD,2180226.80,56956117.80,14191050.91,72758229.03,73439088.65,2021
UPPER PERKIOMEN SD,485844.02,45539883.68,22953405.79,67807760.60,68982460.77,2021
UPPER SAINT CLAIR SD,1353774.36,72295833.32,18820739.83,130634048.10,131338791.50,2021
URBAN ACADEMY OF GREATER PITTSBURGH CS,818367.00,6218965.00,15404.00,16753859.00,20600433.00,2021
URBAN PATHWAYS 6-12 CS,1287710.00,7023625.00,41951.00,9347346.00,8353286.00,2021
URBAN PATHWAYS K-5 COLLEGE CS,1388154.00,6791676.00,42906.00,7962261.00,8222736.00,2021
VALLEY GROVE SD,1126635.93,3407970.26,10540685.88,15813308.85,15075292.07,2021
VALLEY VIEW SD,2648721.00,21478854.00,15661659.00,38738348.00,39794741.00,2021
VENANGO TECHNOLOGY CENTER,1025861.41,5433500.78,1372322.17,7676608.13,7831684.36,2021
VIDA CS,457911.00,3098542.00,26753.00,6733394.00,6676433.00,2021
VISION ACADEMY CS,1865756.00,6720490.00,9961.00,11386591.00,11067769.00,2021
WALLENPAUPACK AREA SD,3066398.84,59571886.30,19405118.46,86809120.63,82866879.60,2021
WALLINGFORD-SWARTHMORE SD,529452.82,70463038.67,16847688.96,100847581.70,101915180.50,2021
WARREN COUNTY SD,12560109.62,30865853.50,48803859.26,91552462.13,92229822.38,2021
WARRIOR RUN SD,2464870.25,13758532.27,11891219.91,27793594.84,28128122.43,2021
WARWICK SD,2692735.31,55572638.67,23748331.78,81870699.02,82019005.76,2021
WASHINGTON SD,2548847.31,11745176.39,15876465.75,32367477.79,31553683.45,2021
WATTSBURG AREA SD,1767596.41,13700083.16,12238919.78,27767519.47,27888266.11,2021
WAYNE HIGHLANDS SD,3610438.83,38304345.18,19851024.57,61851084.56,61765808.58,2021
WAYNESBORO AREA SD,7390505.45,34857990.84,28775793.40,68604728.10,71024289.69,2021
WEATHERLY AREA SD,813791.14,8283890.00,6541635.38,15000377.70,15639316.52,2021
WELLSBORO AREA SD,3163911.42,15621398.07,11322092.56,28029678.00,30107402.05,2021
WEST ALLEGHENY SD,2553676.06,55680883.87,17169576.63,68974628.48,75404136.56,2021
WEST BRANCH AREA SD,2416704.96,5924329.84,12233518.45,19860053.91,20574553.25,2021
WEST CHESTER AREA SD,4460396.63,226313124.20,46937782.62,266001821.80,280461303.40,2021
WEST GREENE SD,877705.40,10939965.43,6050059.98,15321803.25,17875492.09,2021
WEST JEFFERSON HILLS SD,1704282.46,41479034.86,16258900.23,59474710.58,59800681.23,2021
WEST MIDDLESEX AREA SD,1824753.57,6476536.56,9734840.28,17937703.88,18036130.41,2021
WEST MIFFLIN AREA SD,3266603.33,35634916.87,21187135.34,59958078.38,60652665.54,2021
WEST OAK LANE CS,2745959.00,13929643.00,231753.00,18193029.00,16905570.00,2021
WEST PERRY SD,2290306.40,24519520.88,18940819.49,46466273.34,45750646.77,2021
WEST PHILA. ACHIEVEMENT CES,3765030.00,5842684.00,2347192.00,11629396.00,11954906.00,2021
WEST SHORE SD,7086311.20,97012878.66,34916341.77,132657099.70,139051657.60,2021
WEST YORK AREA SD,2926805.00,43950868.00,17663370.00,65222649.00,64553338.00,2021
WESTERN AREA CTC,917394.18,3608231.00,1050082.86,5370510.62,5575708.04,2021
WESTERN AREA CAREER AND TECHNOLOGY CENTER (OF WASHINGTON COUNTY),NULL,NULL,NULL,NULL,NULL,2021
WESTERN BEAVER COUNTY SD,257455.02,5007207.66,9335712.21,14852226.16,14600374.89,2021
WESTERN WAYNE SD,2211796.88,29862437.24,17215840.63,49939808.75,49290074.75,2021
WESTINGHOUSE ARTS ACADEMY CS,114045.87,5146845.55,4538.40,23897415.98,23386986.71,2021
WESTMONT HILLTOP SD,1152325.20,14151620.56,8852029.07,24273876.80,24236803.22,2021
WHITEHALL-COPLAY SD,4840816.19,54875091.59,23412334.35,85957539.10,84130751.61,2021
WILKES-BARRE AREA SD,20436599.58,70625522.13,58383058.38,150187091.40,150979055.10,2021
WILKINSBURG BOROUGH SD,5275491.83,13340133.31,16998706.06,33802388.67,35986989.20,2021
WILLIAM PENN SD,9008149.52,52932410.70,50074038.78,122285151.70,120391930.70,2021
WILLIAMS VALLEY SD,925844.93,4803512.12,11802903.12,20140526.64,17532260.17,2021
WILLIAMSBURG COMMUNITY SD,1246010.58,2302837.71,5419882.45,9022926.60,9062703.74,2021
WILLIAMSPORT AREA SD,10423169.03,38839110.10,50283553.69,96438290.11,99806479.55,2021
WILMINGTON AREA SD,1667861.13,9517239.42,10642602.03,22932112.54,21827702.58,2021
WILSON AREA SD,1803634.52,28027275.67,14431094.25,43926365.36,44262004.44,2021
WILSON SD,6004013.00,87378040.53,27310754.00,119430639.30,121894687.60,2021
WINDBER AREA SD,1214353.56,5226334.59,13529757.77,18699697.27,19986674.08,2021
WISSAHICKON CS,5867431.00,15393430.00,196893.00,19578280.00,21457754.00,2021
WISSAHICKON SD,1395200.18,93892824.50,21442475.51,115213189.10,116778191.40,2021
WOODLAND HILLS SD,9412024.25,60859061.50,36219950.83,107163357.80,109692976.90,2021
WYALUSING AREA SD,2060458.93,12174669.12,13165214.32,26406834.87,27447959.37,2021
WYOMING AREA SD,2940588.23,21102027.45,16834688.73,40639294.86,40877304.41,2021
WYOMING VALLEY WEST SD,5727208.26,40939992.82,40133964.24,84494092.38,90548747.32,2021
WYOMISSING AREA SD,2166065.29,31561348.07,7673699.97,39395548.14,41638432.22,2021
YORK ACADEMY REGIONAL CS,1797512.27,13647168.35,227413.46,15062449.52,16026990.22,2021
YORK CITY SD,21030221.77,40913619.84,111707604.40,166307565.30,173651446.00,2021
YORK SUBURBAN SD,2979101.00,50905480.35,12226596.92,65402436.84,66185238.72,2021
YOUGH SD,1574343.04,15445881.21,18569098.47,35139183.27,35591097.72,2021
YOUNG SCHOLARS CS,1312041.00,5127446.00,104405.00,5543242.00,6543892.00,2021
YOUNG SCHOLARS OF CENTRAL PA CS,230211.00,6753078.00,18082.00,6935952.00,7026989.00,2021
YOUNG SCHOLARS OF GREATER ALLEGHENY CS,872570.00,4292649.00,44747.00,5215408.00,5278792.00,2021
