21ST CENTURY CYBER CS,0,14890223.55,41774.45,14588433.95,14931998,2017
A W BEATTIE CAREER CENTER,270421,7837643.8,1234349.62,8891576.82,9342414.42,2017
ACT ACADEMY CYBER CS,284482,1481710.43,9654.14,1724086.73,1775846.57,2017
ASPIRA BILINGUAL CYBER CHARTER SCHOOL,704966,5282145,4814,5219660,5991925,2017
ABINGTON HEIGHTS SD,565259.77,32577424.25,15079132.18,48648099.25,48221816.2,2017
ABINGTON SD,1672197.3,117839974.2,33449739.74,151658171.2,153149025.7,2017
ACHIEVEMENT HOUSE CS,521977,8052690.16,64173,7642224.38,8638840.16,2017
AD PRIMA CS,577572,6357402,129487,6909754,7064461,2017
ADMIRAL PEARY AVTS,108877,2423993.03,807404.47,3345808.45,3340274.5,2017
AGORA CYBER CS,3965525,92236738,297616,95215657,96499879,2017
ALBERT GALLATIN AREA SD,1854756.54,12976146.16,37360912.25,52182536.73,52355210.9,2017
ALIQUIPPA SD,1186198.36,6772396.22,15215013.27,22987277.22,23673607.85,2017
ALLEGHENY VALLEY SD,271065.45,16582988.38,6279933.64,22319864.8,23133987.47,2017
ALLEGHENY-CLARION VALLEY SD,512347.35,5144388.3,9401474.74,15068821.44,15058931.89,2017
ALLENTOWN CITY SD,21695528,102898906,175150247,313545843,304341464,2017
ALLIANCE FOR PROGRESS CS,498188,5197360,96489,5836839,5792037,2017
ALTOONA AREA SD,5372174.34,30058071.48,65457165.94,104385574.4,103212326.3,2017
AMBRIDGE AREA SD,1653796.11,25664359.58,20572916.05,49440227.26,48185450.88,2017
ANNVILLE-CLEONA SD,304329.53,15075458.23,8546250.65,23433361.5,23926038.41,2017
ANTIETAM SD,375577.49,11160362.9,7045743.78,19051149.89,18827638.28,2017
ANTONIA PANTOJA COMMUNITY CHARTER SCHOOL,1436211,10015818,35734,10813610,11487763,2017
APOLLO-RIDGE SD,637725.93,8594185.95,14131027.54,23690439.6,23364140.42,2017
ARMSTRONG SD,4116796.69,38096893.26,54933871.6,96188961.22,97198703.39,2017
ARTS ACADEMY CS,183140,4892741,37123,4761943.08,5113004,2017
ARTS ACADEMY ELEMENTARY CHARTER SCHOOL,264028.92,4955145.43,108500.35,5140810.04,5327674.7,2017
ATHENS AREA SD,912052.29,17134219.86,20826264.12,37949190.32,38872536.27,2017
AUSTIN AREA SD,95924.9,1865435.32,2398004.42,4334402.34,4359364.64,2017
AVELLA AREA SD,167766.47,3409514.04,6591860.1,10757639.71,10668553.31,2017
AVON GROVE CS,247572,23815285,122528,25373490,24185385,2017
AVON GROVE SD,971828.04,56801706.41,31384468.52,90882317.65,89356963.47,2017
AVONWORTH SD,140049.96,23633827.98,7101977.4,31398479.71,30875855.34,2017
BADEN ACADEMY CS,214109.76,7701517.79,80821.6,7204489.6,7996449.15,2017
BALD EAGLE AREA SD,277605.54,16090680.71,15415203,40800672.07,41785341.85,2017
BALDWIN-WHITEHALL SD,991372.41,43018787.94,23245457.05,68086258.54,68378445.4,2017
BANGOR AREA SD,782621.37,34106023.18,20668623.66,56612155.5,55557268.21,2017
BEAR CREEK COMMUNITY CS,397788.73,6649511.37,89012.55,6380179.4,7136312.65,2017
BEAVER AREA SD,669294.08,20290108.38,11096144.5,31934394.43,32222094.27,2017
BEAVER COUNTY CTC,343724,4378896,1213749,5812721,5936369,2017
BEDFORD AREA SD,1133679.23,14400002.97,15232067.09,30811641.38,30765749.29,2017
BEDFORD COUNTY TECHNICAL CENTER,73511,1299201.55,531880.14,1943574.95,1904592.69,2017
BELLE VERNON AREA SD,793760.17,19391751.82,17618074.05,37649257.94,37808966.84,2017
BELLEFONTE AREA SD,540843.48,31654785.63,17648708.74,58199392.09,58904607.3,2017
BELLWOOD-ANTIS SD,206646.58,6742218.61,10669236.44,17438102.75,17618101.63,2017
BELMONT CHARTER SCHOOL,852350.65,10316521.92,150320.05,11667728.2,11319192.62,2017
BENSALEM TOWNSHIP SD,3283512.52,107457158.3,35287172.03,163325171,159933717.9,2017
BENTON AREA SD,196950.16,6235876.97,5880284.7,12758517.68,12443130.39,2017
BENTWORTH SD,366278.2,7671654.41,10353517.18,18165556.88,18391449.79,2017
BERKS CTC,475708,13312122.7,2862203.15,16287699.76,16684637.51,2017
BERLIN BROTHERSVALLEY SD,257811.87,3632504.47,7981768.88,11364141.15,11872085.22,2017
BERMUDIAN SPRINGS SD,331634.69,16363443.75,12647901.25,30701838.85,29342979.69,2017
BERWICK AREA SD,1278569.87,19109117.51,24472918.95,46023920.88,45197305.44,2017
BETHEL PARK SD,374611.01,61915467.85,23763464.63,86037276.62,86058804.05,2017
BETHLEHEM AVTS,278839,9150558.97,1864240.88,11300315.27,11300315.27,2017
BETHLEHEM AREA SD,5298272.76,191890871.8,71397548.99,266474274.2,268671826.7,2017
BETHLEHEM-CENTER SD,350567.85,5173446.54,14164847.1,21189857.57,19688861.49,2017
BIG BEAVER FALLS AREA SD,1490277,8433034,18333057,28203056,28281679,2017
BIG SPRING SD,533775,30658308.89,18612695.3,48692476.79,49804779.19,2017
BLACKHAWK SD,724336,19216996,17441374,36516084,37597978,2017
BLACKLICK VALLEY SD,266970.13,2184589.53,8073585.65,10391824.8,10525145.31,2017
BLAIRSVILLE-SALTSBURG SD,1070461.76,13503221.14,18014150.96,32235150.78,32587833.86,2017
BLOOMSBURG AREA SD,523464.67,14780565.71,10324448.25,25758349.51,25642018.62,2017
BLUE MOUNTAIN SD,582821.33,24593070.49,16643243.74,52256945.4,51888233.33,2017
BLUE RIDGE SD,368642.67,7157374.09,10827058.93,17186759.41,18353075.69,2017
BOYERTOWN AREA SD,1088362.62,75823722.86,35495909.32,113804724.4,112510758.8,2017
BOYS LATIN OF PHILADELPHIA CS,1184742,10149816,227402,11115541,11608860,2017
BRADFORD AREA SD,1394524.72,12683440.5,25192885.9,38860388.46,39402964.83,2017
BRANDYWINE HEIGHTS AREA SD,286544.96,21323268.21,9850324.85,32261128.64,31460138.02,2017
BRENTWOOD BOROUGH SD,296659.54,12697117.12,9533859.27,22875162.81,22527635.93,2017
BRISTOL BOROUGH SD,1120304.1,12271509.41,10986822.02,24361679.61,24378635.53,2017
BRISTOL TOWNSHIP SD,2515914.11,92768171.18,46593258.73,134789438.2,142365754,2017
BROCKWAY AREA SD,407779.11,3999630.8,11367490.72,16530646.52,15779706.94,2017
BROOKVILLE AREA SD,650896.08,9131104.77,15277862.4,23814228.86,25059863.25,2017
BROWNSVILLE AREA SD,910039.18,7191707.32,19985642.05,38310338.69,38517388.55,2017
BRYN ATHYN SD,0,172722,52793.43,252426.98,225515.43,2017
BUCKS COUNTY MONTESSORI CS,19490.91,2910778.49,3513.6,2879382.9,2933783,2017
BUCKS COUNTY TECHNICAL HIGH SCHOOL,863848,20984753,3917212,25412881,25765813,2017
BURGETTSTOWN AREA SD,277166.01,8612348.89,10884645.37,19515670.8,22349548.06,2017
BURRELL SD,251748.4,16943779.51,11742201.81,29027182.85,28937729.72,2017
BUTLER AREA SD,3049574.15,51959663.34,47451586.13,102000391.7,107399363.6,2017
BUTLER COUNTY AVTS,260938,3642296,1144678,5048849,5048849,2017
CTC OF LACKAWANNA COUNTY,933331,4928300,1525111,7386742,7386742,2017
CALIFORNIA AREA SD,220408.92,5933603.58,10130718.66,16507429.66,16284831.16,2017
CAMBRIA HEIGHTS SD,297592.18,5971744.37,14906422.4,21004880.54,21175758.95,2017
CAMERON COUNTY SD,33223,4303512.28,8354480,12612675.57,12691215.28,2017
CAMP HILL SD,118132.42,18503515.38,4595124.96,24628180.67,23220612.76,2017
CANON-MCMILLAN SD,669863.62,59147710.83,23394509.88,88129768.69,83878596.39,2017
CANTON AREA SD,367028.43,4368893.59,10742248.1,15180417.19,15478170.12,2017
CAPITAL AREA SCHOOL FOR THE ARTS CHARTER SCHOOL,0,2847826.24,40263.66,2858890.27,2888089.9,2017
CARBON CAREER & TECHNICAL INSTITUTE,166562.95,6520371,1120376.54,7514842.72,7807310.49,2017
CARBONDALE AREA SD,1705666.16,7848214.44,14827440.73,27706287.45,24381321.33,2017
CAREER INSTITUTE OF TECHNOLOGY,219546,8060884.24,1308712.4,9217008.51,9596055.61,2017
CARLISLE AREA SD,1702522.29,55420620.19,26077751.4,86153420.5,83200893.88,2017
CARLYNTON SD,1125712,18103595,9038131,28145381.41,28267438,2017
CARMICHAELS AREA SD,452231.53,5124043.07,11784401.95,16896349.51,17360676.55,2017
CATASAUQUA AREA SD,503130.82,19650308.34,9355908.35,30610608.43,29676185.51,2017
CENTENNIAL SD,1466340.28,84713816.75,31192033.48,117319065.5,117381621.2,2017
CENTER FOR STUDENT LEARNING CS AT PENNSBURY,74491.69,2543399.6,2637.07,2748804.31,2620528.36,2017
CENTRAL BUCKS SD,1954213.57,259544096,68528197.85,331977483.7,330076696.4,2017
CENTRAL CAMBRIA SD,354565.01,10477505.22,12588762.97,24693722.09,23420833.2,2017
CENTRAL COLUMBIA SD,443296.21,18032213.81,12314234.36,41153465.11,40787573.33,2017
CENTRAL DAUPHIN SD,3144602.16,141078936.4,48085954.94,197254458.7,197125606.9,2017
CENTRAL FULTON SD,820244,5998920.6,9156803,15832911.59,15975967.6,2017
CENTRAL GREENE SD,912515.32,20838775.15,15281876.94,34703325.27,37039637.41,2017
CENTRAL MONTCO TECHNICAL HIGH SCHOOL,261966,7608410.16,1069050.38,8689426.53,8939426.54,2017
CENTRAL PA DIGITAL LEARNING FOUNDATION CS,53670.6,2515193.74,14056.16,2275661.81,2582920.5,2017
CENTRAL PA INSTITUTE OF SCIENCE & TECHNOLOGY,204852,6672621.11,1453203.69,8516692.47,8330676.8,2017
CENTRAL VALLEY SD,554806.26,18906242.32,15484334.04,37148727.63,34945382.62,2017
CENTRAL WESTMORELAND CTC,315235,6343477,1587387,8441566.56,8246099,2017
CENTRAL YORK SD,939765.24,65214528.05,22667020.21,90957283.2,88821313.5,2017
CENTRE LEARNING COMMUNITY CS,23173,1585196,1796,1563550,1610165,2017
CHAMBERSBURG AREA SD,3651272,85612325,44884684,135739571,134765856,2017
CHARLEROI SD,695599,9823299,14379539,23652868.01,24898437,2017
CHARTER HIGH SCHOOL FOR ARCHITECTURE AND DESIGN,712089,7358975,146724,7794780,8292572,2017
CHARTIERS VALLEY SD,873370.14,45530625.05,15336890.8,62940656.53,61740885.99,2017
CHARTIERS-HOUSTON SD,196785.52,10858847.61,7986327.43,18577592.07,19041960.56,2017
CHELTENHAM SD,627906,90725016,24739963,119159313,116092885,2017
CHESTER CHARTER SCHOLARS ACADEMY CS,752166.18,8445326.66,123631,8460025.82,9321123.84,2017
CHESTER CO FAMILY ACADEMY CS,107640.29,1687053.31,19789.47,1527547.8,1814483.07,2017
CHESTER COMMUNITY CS,4527890.94,60454747.63,925231.04,61036325.08,65988282.51,2017
CHESTER COUNTY TECHNICAL COLLEGE HS,1224892,30709316,3711518,36085750,35645726,2017
CHESTER-UPLAND SD,5568126.11,25670923.22,97418271.31,127406419.6,128662314.9,2017
CHESTNUT RIDGE SD,451502.41,6743999.38,14443733.35,21006737.78,21639235.14,2017
CHICHESTER SD,1380870.54,48330396.91,25245813.08,73184209.9,74979888.93,2017
CHRISTOPHER COLUMBUS CS,892450.99,9348484.78,79106.69,10213870.55,10320042.46,2017
CIRCLE OF SEASONS CHARTER SCHOOL,113904.89,5022129.52,5097.34,5169693.25,5191131.75,2017
CITY CHS,350760,9853038,39583,11240677,10243381,2017
CLAIRTON CITY SD,850318,3582890,11317031,16063642,15762239,2017
CLARION AREA SD,110061.67,8457636.21,5102714.74,13610651.38,13670412.62,2017
CLARION COUNTY CAREER CENTER,535723.03,1913056.91,774987.36,3130358.7,3223767.3,2017
CLARION-LIMESTONE AREA SD,392635.13,5396822.35,8913814.45,14361992.4,14705271.93,2017
CLAYSBURG-KIMMEL SD,451950.53,3366837.43,8332605.23,12308129.91,12151393.19,2017
CLEARFIELD AREA SD,1186034.55,15501149.21,21506860.06,44293550.78,44314180.9,2017
CLEARFIELD COUNTY CTC,272137,4116677.22,999445.13,10237340.15,10384855.35,2017
COATESVILLE AREA SD,4117450.55,111346380.3,51929587.38,172256267.3,180700971.2,2017
COCALICO SD,910602.07,38578084.04,16679288.61,55950402.2,56296683.58,2017
COLLEGIUM CS,460788,42860314,82450,41767902,43403552,2017
COLONIAL SD,808867.97,100755131.3,21400640.54,129703219.8,123020352.2,2017
COLUMBIA BOROUGH SD,941814.59,11915159.92,12522186.54,25325450.13,25379825.55,2017
COLUMBIA-MONTOUR AVTS,158833,6954686,1329424,8841653,8442943,2017
COMMODORE PERRY SD,27014,2724700.89,6072080.89,8440576.32,8823795.78,2017
COMMONWEALTH CHARTER ACADEMY CS,3676106.45,125496591.3,491180.83,128247343.6,129668443.7,2017
COMMUNITY ACADEMY OF PHILADELPHIA CS,1288905,15776689.26,311006.6,16435429,17478032.86,2017
CONEMAUGH TOWNSHIP AREA SD,262128.46,4302890.83,10090066.26,14393214.92,14655085.55,2017
CONEMAUGH VALLEY SD,263026.59,3032063.62,9035725.62,11398957.21,12330815.83,2017
CONESTOGA VALLEY SD,2129394.42,51503637.7,14594679.18,67719870.86,68254318.3,2017
CONEWAGO VALLEY SD,903257.63,36372904.44,19709817.43,56904903.19,56985979.5,2017
CONNEAUT SD,868654,16926787.21,20452656,39549901.09,38263072.21,2017
CONNELLSVILLE AREA CAREER & TECHNICAL CENTER,99743,2729337.49,1005669.95,3834750.44,3834750.44,2017
CONNELLSVILLE AREA SD,2976733.33,19913627.66,49878809.7,72946796.47,73119846.95,2017
CONRAD WEISER AREA SD,1670503.07,32208272.4,15349707,49365780.63,49228482.47,2017
CORNELL SD,791274,9298650,4234746,15141899,14324670,2017
CORNWALL-LEBANON SD,1024285.5,51341326.83,23229302.26,85921009.03,85640989.59,2017
CORRY AREA SD,1465071.14,9095267.36,21918948.15,32191955.84,32479286.65,2017
COUDERSPORT AREA SD,256493,5676419.08,6910450,12793177.64,12843362.08,2017
COUNCIL ROCK SD,1558291.92,178592624.8,52307682.95,235166615,232465024.6,2017
CRANBERRY AREA SD,227238.2,7184020.33,11327547.51,17824753.77,18738806.04,2017
CRAWFORD CENTRAL SD,1760253.64,26814537.07,30875553.67,59987419.68,59813313.13,2017
CRAWFORD COUNTY CTC,473989,4644618.37,1134930.9,6347746.96,6253538.27,2017
CRESTWOOD SD,553109.77,22147511,14734597.55,39516107.62,37711388.32,2017
CRISPUS ATTUCKS CS,936675,1123973,29890,2247121,2090538,2017
CUMBERLAND PERRY AVTS,414787.5,6264203.95,1291962.32,7827554.25,7977554.25,2017
CUMBERLAND VALLEY SD,1046422,102469714,30903551,130920433,134423350,2017
CURWENSVILLE AREA SD,433596.66,4489998.96,12582987.47,16737989.63,17605573.09,2017
DALLAS SD,790582.21,26706866.04,11550485.88,38652556.06,39047934.13,2017
DALLASTOWN AREA SD,986994.54,78015271.26,26712265.6,105969744.1,105714531.4,2017
DANIEL BOONE AREA SD,870518.56,36625961.73,18906621.94,68587658.36,70731579.23,2017
DANVILLE AREA SD,1576624.47,23377456.78,14763155.35,43192949.9,39982699.9,2017
DAUPHIN COUNTY TECHNICAL SCHOOL,622622.13,16387665.41,2680895.18,20089476.61,19692754.19,2017
DEER LAKES SD,263887.05,22883235.42,13227370.13,38215693.28,36374492.6,2017
DELAWARE COUNTY TECHNICAL HIGH SCHOOL,955808,12038699,2079658,15107646,15074165,2017
DELAWARE VALLEY SD,1717917.57,48001919.71,31287941.53,81007780.81,81007778.81,2017
DERRY AREA SD,894312.73,13687996.6,19977722.98,34966438.49,34560032.31,2017
DERRY TOWNSHIP SD,877835.43,48346927.68,11560914.79,63386478.3,63300654.6,2017
DISCOVERY CHARTER SCHOOL,689259,7378313,69961,7920570,8137533,2017
DONEGAL SD,1732391.12,32755565.34,15886632.86,50378121.32,50383194.32,2017
DOVER AREA SD,1048506.51,36353209.57,24312796.21,61443513.28,61714512.29,2017
DOWNINGTOWN AREA SD,2922619.47,169751606.6,50224146.35,222824776,223177629.9,2017
DR ROBERT KETTERER CS INC,750330,3946564,33307,4106406,4730201,2017
DUBOIS AREA SD,1957772.86,26564825.99,29666853.61,58271072.35,58812697.84,2017
DUNMORE SD,543272.16,12421014,7921591.11,21002381.91,20885877.27,2017
DUQUESNE CITY SD,1207506.99,1988700.32,15640038.68,19841716.26,18921270.99,2017
EAST ALLEGHENY SD,807985.49,16704919,14708163.17,32731439.92,32221067.66,2017
EAST LYCOMING SD,368151.78,10501374.49,14376536.83,26017359.33,25269313.1,2017
EAST PENN SD,1087891.05,108894019.5,33375809.56,139195450.4,143357720.1,2017
EAST PENNSBORO AREA SD,418196.17,28354773.51,12218279.77,39465243.04,41694094.45,2017
EAST STROUDSBURG AREA SD,3267619.75,106445153.4,45654568.78,166802527.4,156006462.5,2017
EASTERN CENTER FOR ARTS & TECHNOLOGY,1152671,7264218,1292204,9875549,9709588,2017
EASTERN LANCASTER COUNTY SD,1212390.24,41191292.6,13466159.51,56222193.35,56222192.35,2017
EASTERN LEBANON COUNTY SD,711755.68,28948330.59,12296239.97,39220450.8,41957067.84,2017
EASTERN UNIVERSITY ACADEMY CHARTER SCHOOL,475737,4074815,101598,4784445,4652150,2017
EASTERN WESTMORELAND CTC,91746,3079235,755959,4020974.95,4020974,2017
EASTERN YORK SD,812728,29669441.41,16092167.19,43566003.37,46574336.6,2017
EASTON AREA SD,2833921.3,110161994.7,48118090.14,157280917.9,161115366.2,2017
EASTON ARTS ACADEMY ELEMENTARY CS,0,4330869,0,4741498,4817089,2017
ELIZABETH FORWARD SD,396598.88,22449597.83,19751445.37,42258246.71,42597642.08,2017
ELIZABETHTOWN AREA SD,818051.05,41005173.23,19189773.17,62829770.12,61030151.45,2017
ELK LAKE SD,363103.14,8183669.91,11469583.25,19945461.96,20016356.3,2017
ELLWOOD CITY AREA SD,590192.35,9580003.25,17534606.17,28108584.54,27712468.83,2017
ENVIRONMENTAL CHARTER SCHOOL AT FRICK PARK,294622,11204887,53220,11748537,11552729,2017
EPHRATA AREA SD,1134441.24,46249958.36,20289054.67,67323641.92,67674714.27,2017
ERIE CITY SD,14513656,61587315,126673003,204359431.9,211769012,2017
ERIE COUNTY TECHNICAL SCHOOL,307446.96,5233427.23,1278480.46,6905272.98,6819354.65,2017
ERIE RISE LEADERSHIP ACADEMY CHARTER SCHOOL,1077877,4855401,110306,5963022,6043584,2017
ESPERANZA ACADEMY CHARTER SCHOOL,3060377,19923803,403750,23109661,23605904,2017
ESPERANZA CYBER CS,299579,3293581,10386,3156469,3603546,2017
EUGENIO MARIA DE HOSTOS CS,1345914,6615443,38277,7820213,7999634,2017
EVERETT AREA SD,868026.47,8910082.09,11368285.16,20341126.01,21181678.54,2017
EVERGREEN COMMUNITY CS,0,1546573.91,42867.21,1683859.08,1589441.12,2017
EXECUTIVE EDUCATION ACADEMY CHARTER SCHOOL,625270,14840836,17897,13411428,15484003,2017
EXETER TOWNSHIP SD,804202.61,52072481.21,21718063.97,80163205.79,81123538.89,2017
FAIRFIELD AREA SD,166095.43,11341759.52,6783460.16,16915649.32,18298640.11,2017
FAIRVIEW SD,242627,18555910,7383136,26302367,26182873,2017
FANNETT-METAL SD,316646.53,3538384.82,3978326.23,7721762.78,7833357.58,2017
FARRELL AREA SD,820678,4461790,12230921,17001232,17513389,2017
FAYETTE COUNTY CAREER & TECHNICAL INSTITUTE,1538226.59,4457959.32,1513239.65,7589869.33,7597860.72,2017
FELL CS,127821,2008878,18497,2307638,2155196,2017
FERNDALE AREA SD,387521.19,2588850.22,8202433.31,11336107.54,11178804.72,2017
FIRST PHILADELPHIA PREPARATORY CHARTER SCHOOL,1765452,23950814,367932,25136503,26084198,2017
FLEETWOOD AREA SD,444749.63,30226530.23,14989326.46,45864692.59,45660606.32,2017
FOLK ARTS-CULTURAL TREASURES CS,508717,6090401,118455,6216114,6717573,2017
FORBES ROAD CTC,438036,4582639.87,1181552.63,6502943.79,6202228.5,2017
FORBES ROAD SD,175300.92,2681471.65,4481450.47,7348000.76,7338223.04,2017
FOREST AREA SD,337079.47,7105642.2,5177523.25,11999608.1,12712368.56,2017
FOREST CITY REGIONAL SD,455240.73,6898244.42,6909727.31,14675743.13,14263212.46,2017
FOREST HILLS SD,506478.31,6021125.03,19265622.68,25252992.59,26029146.02,2017
FORT CHERRY SD,232088.79,7677692.59,10121784.5,17780730.54,18031565.88,2017
FORT LEBOEUF SD,632401,18869981.01,13956748.29,32868910.64,33472951.91,2017
FOX CHAPEL AREA SD,1054000.12,76167782.28,18901189.61,97221042.38,97082957.3,2017
FRANKLIN AREA SD,837034.11,12680736.94,19625139.63,34294785.67,33160401.98,2017
FRANKLIN COUNTY CTC,314177,6502434.94,1404370.13,8200968.03,8317952.42,2017
FRANKLIN REGIONAL SD,359772.75,38960612.16,16439490.62,55418225.68,55805826.64,2017
FRANKLIN TOWNE CHS,1277244,14015458,102886,16294392,15395588,2017
FRANKLIN TOWNE CHARTER ELEMENTARY SCHOOL,991925,10379695,88965,11164625,11460585,2017
FRAZIER SD,356625.13,6184000.29,11142182.07,18234545.28,17682807.49,2017
FREDERICK DOUGLASS MASTERY CHARTER SCHOOL,1665235,9406745,97449,10763436,11169429,2017
FREEDOM AREA SD,539403.51,9306309.29,13120578.89,23313965.83,23011474.09,2017
FREEPORT AREA SD,512890.84,17018743.3,12884277.81,29904123.55,30416286.95,2017
FREIRE CS,1505534,12127348,261531,13814180,13894413,2017
FULTON COUNTY AVTS,29864,705179,232304,967347,967347,2017
GALETON AREA SD,140025,3639622,3526870,7125688,7306517,2017
GARNET VALLEY SD,444578,85121876,18865161,103438090.7,104435735,2017
GATEWAY SD,1189690.54,52334135.73,19318366.76,76469357.54,72842193.03,2017
GENERAL MCLANE SD,497549.79,14748378.4,17214693.85,32690895.77,32519952.37,2017
GETTYSBURG AREA SD,1044235.76,42037208.23,18169839.28,61586391.36,61276755.69,2017
GETTYSBURG MONTESSORI CHARTER SCHOOL,72562,2682074,3456,2466655,2758092,2017
GILLINGHAM CHARTER SCHOOL,194756,3168026,82379,3364751,3445176,2017
GIRARD SD,891354.69,10302815.89,15665241.14,33437751.04,34084411.72,2017
GLENDALE SD,423071.64,3333978.09,8856318.66,12337791.66,12627578.39,2017
GLOBAL LEADERSHIP ACADEMY CS,642674,8051280,102382,9375857,8906301,2017
GLOBAL LEADERSHIP ACADEMY CS SOUTHWEST AT HUEY,1022477,6793270,18648,7222426,7834395,2017
GOVERNOR MIFFLIN SD,887455.7,50080553.88,18289514.55,69281232.53,69281232.53,2017
GREAT VALLEY SD,758328,82277792,15124864,98966811.1,98160984,2017
GREATER ALTOONA CTC,357804,6433323.67,1994639.82,8793419.48,8793419.48,2017
GREATER JOHNSTOWN CTC,102865,4842547,1240369,6604756,6185781,2017
GREATER JOHNSTOWN SD,3817147.28,12352634.98,31779385.04,48422541.62,48130981.07,2017
GREATER LATROBE SD,791512.99,35013521.73,20666030.35,70093691.74,69591624.08,2017
GREATER NANTICOKE AREA SD,1526146.36,9369452.24,18775106.04,31111558.96,30716314.97,2017
GREEN WOODS CS,709491,7091097,42996,7306638,7843584,2017
GREENCASTLE-ANTRIM SD,752971.33,26118066.06,12929344.8,39592419.04,39815134.19,2017
GREENE COUNTY CTC,412364,2643829.99,628893.54,3746517.61,3746641.53,2017
GREENSBURG SALEM SD,1108740.22,24915549.04,19211327.75,44456884.38,45235617.01,2017
GREENVILLE AREA SD,577368.9,7577636.95,12203913.03,20568034.06,20360250.98,2017
GREENWOOD SD,112459,6997802.06,6817884.73,13748786.55,13928145.79,2017
GROVE CITY AREA SD,1928769.99,21679781.51,16498617.86,40154323.27,40107169.36,2017
HOPE FOR HYNDMAN CS,157793,2767768,24626,2955095,2950187,2017
HALIFAX AREA SD,298327.33,9897876.2,10213092.51,21513956.82,20409613.04,2017
HAMBURG AREA SD,749689.34,25946337.19,14514394.56,42343875.37,41212424.68,2017
HAMPTON TOWNSHIP SD,464773.4,35709499.19,13889576.86,50606959.09,50063849.45,2017
HANOVER AREA SD,717983.07,15138471.56,15192819.59,30296130.81,37636171.13,2017
HANOVER PUBLIC SD,857821,24241357,8377075,42365975,43471253,2017
HARAMBEE INSTITUTE OF SCIENCE AND TECHNOLOGY CS,821731,5781354,35220,6439374,6638305,2017
HARBOR CREEK SD,345275.34,17812649.97,16362936.26,35689062.58,34520861.57,2017
HARMONY AREA SD,495428.53,1310808.26,4269621.49,5942037.23,6075858.28,2017
HARRISBURG CITY SD,13664403.98,54496532.46,78688288.21,157432741.8,146887838.3,2017
HATBORO-HORSHAM SD,1539433.08,80962458.14,20299026.11,101634443.3,102803317.3,2017
HAVERFORD TOWNSHIP SD,859080.01,97856607.54,20578976.96,117068249,119297764.5,2017
HAZLETON AREA SD,8511932.28,61920411.55,75750334.8,150270091.6,146250607.5,2017
HELEN THACKSTON CHARTER SCHOOL,0,0,0,0,0,2017
HEMPFIELD AREA SD,2674368,59982178,33192512,118892633,118725050,2017
HEMPFIELD SD,1566824.67,85929684.4,32183072.6,120444782.7,119793394.5,2017
HERMITAGE SD,658028.92,18686903.63,11798944.86,32319893.18,31147396.41,2017
HIGHLANDS SD,1047893.36,20253435.47,21269725.19,49433031.91,53016054.02,2017
HOLLIDAYSBURG AREA SD,841967.8,26627664.55,21459205.23,48968089.2,48960751.63,2017
HOMER-CENTER SD,288465.4,6830832.79,9157611.32,16003452.22,16282805.24,2017
HOPEWELL AREA SD,401829.18,19924329.46,18885421.9,39904115.85,39215497.89,2017
HOWARD GARDNER MULTIPLE INTELLIGENCE CS,215320.19,2984217.24,15352.92,3351284.71,3214890.35,2017
HUNTINGDON AREA SD,1003942.42,12676095.89,14779022.29,28713839.33,28486561.6,2017
HUNTINGDON COUNTY CTC,80588.2,1925078.01,517942.79,2528424.01,2528422.69,2017
I-LEAD CHARTER SCHOOL,920692,5370519,138109,5966422,6429320,2017
IMHOTEP INSTITUTE CHS,717590,6704057,80358,8061276,7502005,2017
INDEPENDENCE CS,831744,9766743,168151,10459292,10766638,2017
INDEPENDENCE CS WEST,571198,4888588,53958,4848916,5513744,2017
INDIANA AREA SD,715292.13,35187515.81,18799695.7,54086125.81,54707359.1,2017
INDIANA COUNTY TECHNOLOGY CENTER,263092.5,4670564.06,1614590.88,6312271.61,6549496.62,2017
INFINITY CS,4325,2489453,2761,3542827.96,5548391,2017
INNOVATIVE ARTS ACADEMY CS,274048.35,5113998.34,38621.75,4354017.36,5426668.44,2017
INQUIRY CHARTER SCHOOL,260052.86,2897784.33,10144,3453879.29,3167981.19,2017
INSIGHT PA CYBER CS,26836.37,10838522.65,0,10555621.05,10865359.02,2017
INTERBORO SD,901950.53,42031529.12,21813938.2,65247274.06,64747417.85,2017
IROQUOIS SD,346986.67,6458727.77,13090793.59,19720551.72,19896508.03,2017
JAMESTOWN AREA SD,307964.16,3551768.55,5347742.03,9126810.46,9207474.74,2017
JEANNETTE CITY SD,722730.46,5502230.37,12732690.02,18946454.26,18992290.59,2017
JEFFERSON COUNTY-DUBOIS AVTS,592162.76,6231136.11,1149961.04,7919582.01,7973259.91,2017
JEFFERSON-MORGAN SD,347162.37,5717349.56,8889553.76,13886043.06,14954065.69,2017
JENKINTOWN SD,111812,12883138,3239557,16313155,16322351,2017
JERSEY SHORE AREA SD,549115.83,17739297.51,23371198.11,41861220.29,41659611.45,2017
JIM THORPE AREA SD,606173.63,32539910.37,9678566.88,46888374.62,42831426.31,2017
JOHN B STETSON CHARTER SCHOOL,1885648,12789949,41869,12516901,14717466,2017
JOHNSONBURG AREA SD,260310.87,2771849.56,7777737.69,10474338.34,10809898.12,2017
JUNIATA COUNTY SD,1164062.53,17780128.55,19273244.6,37815818.02,38233507.68,2017
JUNIATA VALLEY SD,304535.99,4405340.49,7737854.26,13348954.76,12450121.76,2017
KIPP DUBOIS CHARTER SCHOOL,446391,7377406,96890,7822454,7920687,2017
KIPP PHILADELPHIA CHARTER SCHOOL,730326,12018090,92048,12027276,12937114,2017
KIPP WEST PHILADELPHIA CS,229326,2847973,23565,3027078,3100864,2017
KIPP WEST PHILADELPHIA PREPARATORY CHARTER SCHOOL,300466,4283165,86931,4772038,4670562,2017
KANE AREA SD,447864.45,4787127.2,12507657.48,25362246.7,25198139.28,2017
KARNS CITY AREA SD,3451.13,7924997.08,15725611.25,21963017.43,23654059.46,2017
KENNETT CONSOLIDATED SD,943075.37,65963408.27,17382556.23,96522777.91,96655601.82,2017
KEYSTONE ACADEMY CHARTER SCHOOL,516957,7669366,138945,7582271,8325268,2017
KEYSTONE CENTRAL SD,1665250.16,32803234.24,38711693.53,75819998.24,73180177.93,2017
KEYSTONE EDUCATION CENTER CS,239784,3555891.67,20167.01,3548654.58,3822911.6,2017
KEYSTONE OAKS SD,687413.68,30266131.92,11872328.12,47794362.16,42925873.72,2017
KEYSTONE SD,359128.66,4984795.7,10848191.73,16021120.73,16192116.09,2017
KHEPERA CS,240482.34,3555298.79,0,4530676.89,3795781.13,2017
KISKI AREA SD,1574872.92,26572101.62,29590831.62,57875893.47,57840178.91,2017
KUTZTOWN AREA SD,251757.34,22886950.45,8818612.26,32472443.37,32163195.95,2017
LA ACADEMIA PARTNERSHIP CHARTER SCHOOL,434924.1,3053597.62,54837.03,3499351.19,3543358.75,2017
LABORATORY CS,563798,6408857,122937,7546801,7095592,2017
LACKAWANNA TRAIL SD,459250,10438191,10756555,19847142,21786842,2017
LAKE-LEHMAN SD,351193.13,16544476.01,13204527.29,30899791.12,30109954.73,2017
LAKELAND SD,321873.78,12120547.98,10444800.98,23692512.28,22962771.66,2017
LAKEVIEW SD,524157.07,5264687.21,10933085.3,16229457.09,16721929.58,2017
LAMPETER-STRASBURG SD,503638.81,39245301.91,12230944.78,50997790.05,51979885.5,2017
LANCASTER COUNTY CTC,4786602.72,19046176.4,4384359.89,28429835.51,28257647.01,2017
LANCASTER SD,18561182,87760257,110358763,221538159,221173713,2017
LAUREL HIGHLANDS SD,1955904.65,22023957.47,25133003.44,49495938.93,49112865.56,2017
LAUREL SD,290259.21,6193602.86,12164526.83,17692038.28,18680675.47,2017
LAWRENCE COUNTY CTC,277420.04,5602442.43,1352069.53,7231932.5,7231932,2017
LEBANON COUNTY CTC,1946581.19,5604138.16,1640024.61,9171236.28,9190743.96,2017
LEBANON SD,5834543.2,21807241.97,46742287.12,77208317.81,74384567.09,2017
LEECHBURG AREA SD,261613.68,6896426.19,7636073.77,13806724.33,14795913.64,2017
LEHIGH CAREER & TECHNICAL INSTITUTE,893107.1,23798631.47,5239666.66,30094432.36,29996033.7,2017
LEHIGH VALLEY ACADEMY REGIONAL CS,599404,22606699,79155,21757658,23285258,2017
LEHIGH VALLEY CHARTER HIGH SCHOOL FOR THE ARTS,97166.21,8719423,32237.85,8508259.27,8860265.55,2017
LEHIGH VALLEY DUAL LANGUAGE CHARTER SCHOOL,236692,5450384,28444,5120325.66,5715520,2017
LEHIGHTON AREA SD,762814.58,21714604.69,17234297.74,42905729.26,40637650.05,2017
LENAPE TECH,132136,7215966.24,1406140.69,8404170.2,8754242.93,2017
LEWISBURG AREA SD,661639.28,25132716.45,8912645.17,34776937.13,34778784.9,2017
LIGONIER VALLEY SD,435945.61,17790296.06,11251541.81,28886371.98,29477783.48,2017
LINCOLN CS,1333319,8590472,279046,9408075.01,10202837,2017
LINCOLN LEADERSHIP ACADEMY CHARTER SCHOOL,664205.12,9399816.67,139708.77,7867606.01,10285185.56,2017
LINCOLN PARK PERFORMING ARTS CS,145834,10820907,199303,9461893.75,11166044,2017
LINDLEY ACADEMY CS AT BIRNEY,697425,9249693,66271,8382158,10013389,2017
LINE MOUNTAIN SD,344260.83,7995773.21,11247829,26957917.94,27350998.29,2017
LITTLESTOWN AREA SD,375035.63,19158335.5,12754390.13,32534625.07,32491632.15,2017
LOWER DAUPHIN SD,658855.45,39003755.44,21540874.75,62076571.6,61678216.08,2017
LOWER MERION SD,2271386.47,226766061.1,37419517.33,266456963.9,266456964.9,2017
LOWER MORELAND TOWNSHIP SD,243920.75,38854853.58,9162262.4,50248050.54,48800699.83,2017
LOYALSOCK TOWNSHIP SD,293613.38,15401453.23,6778119.06,22785473.12,22478571.48,2017
LYCOMING CTC,102199,1345165.03,416245.11,1863608.72,1863609.14,2017
MAST COMMUNITY CS,1210911,17056014,320205,17151480,18686610,2017
MAST COMMUNITY CS II,976109,7426439,51777,6627668,8495775,2017
MAHANOY AREA SD,713517.58,5431475.06,12200381.75,18406801.26,18346074.39,2017
MANCHESTER ACADEMIC CS,558349,7265630,53451,7484594,7877430,2017
MANHEIM CENTRAL SD,1207329.04,36996358,15115017.34,51611131.58,53559579.67,2017
MANHEIM TOWNSHIP SD,845700.55,73751823.64,19933866.19,98449171.67,94584510.28,2017
MARIANA BRACETTI ACADEMY CS,1097999,14085571,308722,15180374,15492292,2017
MARION CENTER AREA SD,598403.54,7865437.22,15877361.57,24352372.58,24354209.11,2017
MARITIME ACADEMY CHARTER SCHOOL,1862932,9155827,107602,10370465,11126361,2017
MARPLE NEWTOWN SD,861966.27,68615673.55,14694824.1,84664224.25,84172463.92,2017
MARS AREA SD,0,33626426.68,13342380.81,47574061.9,46968807.49,2017
MASTERY CHS-LENFEST CAMPUS,705859,8206604,50151,9497309,8962614,2017
MASTERY CS JOHN WISTER ELEMENTARY,614310,6751644,10000,6515538,7375954,2017
MASTERY CS-CLEVELAND ELEMENTARY,1441130,9332104,91729,9889063,10864963,2017
MASTERY CS-CLYMER ELEMENTARY,658585,7636552,55131,7782459,8350268,2017
MASTERY CS-FRANCIS D. PASTORIUS ELEMENTARY,1006065,7841581,23998,8549655,8871644,2017
MASTERY CS-GRATZ CAMPUS,3398491,21823850,160565,23264634,25382906,2017
MASTERY CS-HARDY WILLIAMS,3608603,14718452,292333,17023304,18619388,2017
MASTERY CS-HARRITY CAMPUS,954513,10666447,87626,11882359,11708586,2017
MASTERY CS-MANN CAMPUS,619837,6451262,56343,7171947,7127442,2017
MASTERY CS-PICKETT CAMPUS,1030928,11482806,220196,12454767,12733930,2017
MASTERY CS-SHOEMAKER CAMPUS,917132,10640415,197357,11036251,11754904,2017
MASTERY CS-SMEDLEY CAMPUS,1549736,9587214,94328,10469303,11231278,2017
MASTERY CS-THOMAS CAMPUS,1532731,15908171,285464,16421453,17726366,2017
MATH CIVICS AND SCIENCES CS,1013330.39,9317794.27,95978.44,10357631.24,10427103.1,2017
MCGUFFEY SD,366683.61,14630492.8,16978691.76,30748968.73,31975868.17,2017
MCKEESPORT AREA SD,4669339,16722457,42848416,65482237,64652517,2017
MECHANICSBURG AREA SD,560563.65,50008471.41,16788201.26,67069539.16,67357876.32,2017
MEMPHIS STREET ACADEMY CS @ JP JONES,1885464,11736586,88887,12464102,13710937,2017
MERCER AREA SD,6868.81,7804403.45,9531945.04,17793433.2,17673519.68,2017
MERCER COUNTY CAREER CENTER,358734,4295024.35,1025231.65,5709621.29,5678990,2017
METHACTON SD,690369.87,83464989.68,22577921.35,104166794.6,106751700,2017
MEYERSDALE AREA SD,440217.83,3098622.57,10932884.45,14139340.66,14476491.65,2017
MID VALLEY SD,720042.55,17930203.64,8454428.49,27208604.38,27304363.97,2017
MIDD-WEST SD,1214152.98,18189119.32,16983025.22,36116526.36,36386297.52,2017
MIDDLE BUCKS INSTITUTE OF TECHNOLOGY,267721,9676971.06,1391615.87,11354534.72,11336307.93,2017
MIDDLETOWN AREA SD,1017246.65,28796104.53,16019550.17,45260953.2,46206639.98,2017
MIDLAND BOROUGH SD,231867,1157483.67,4520426.02,5202385.37,5909776.69,2017
MIFFLIN COUNTY ACADEMY OF SCIENCE AND TECHNOLOGY,165462,2752378,670718,3649355,3588558,2017
MIFFLIN COUNTY SD,3009702.62,34352661.19,39372800.09,77339892.09,76735163.9,2017
MIFFLINBURG AREA SD,583297.43,16413324.27,14095133.9,29418436.62,31149778.1,2017
MILLCREEK TOWNSHIP SD,2405408.85,65953444.5,30077833.97,97221920.67,98436687.32,2017
MILLERSBURG AREA SD,190109.08,7729752.02,6606840.34,14725126.09,14526701.44,2017
MILLVILLE AREA SD,237028,5757278,7440467,14684135,13434773,2017
MILTON AREA SD,1134813.27,15428264.32,16383091.17,33320574.9,32946168.76,2017
MINERSVILLE AREA SD,581873.36,8620861,9681038.11,19119740.09,18883772.47,2017
MOHAWK AREA SD,594227.25,7608481.91,16017302.13,24061176.57,24226430.29,2017
MON VALLEY CTC,127640,2549405.02,666306.57,3321275.27,3343351.59,2017
MONESSEN CITY SD,447804.06,5210210.1,10524637.39,15286567.34,16182651.55,2017
MONITEAU SD,40121.35,7284809.91,13584193.25,20931749.81,21024331.62,2017
MONROE CAREER & TECH INST,452980,7998143.3,2241075.46,10767248.52,10692198.76,2017
MONTESSORI REGIONAL CS,300412,5359696,52760,5180457,5712868,2017
MONTGOMERY AREA SD,384367.5,6517540.83,8656558.89,15679173.95,15558467.22,2017
MONTOUR SD,342017.74,55142556.31,12339443.02,67109265.86,70641756.22,2017
MONTOURSVILLE AREA SD,310031.12,16130440.69,12604757.81,28070372.61,29045229.62,2017
MONTROSE AREA SD,547922.13,11984764.22,13887543.58,25932284.15,26420529.93,2017
MOON AREA SD,1320982.99,56134594.81,17761525.64,76529080.53,75217103.44,2017
MORRISVILLE BOROUGH SD,743947,12351090,7547633,22633560,20877670,2017
MOSHANNON VALLEY SD,381888.72,3808210.63,10624883.47,14805860.23,14814982.82,2017
MOUNT CARMEL AREA SD,836664.57,5049310.72,13522117.05,22362662.77,22718092.34,2017
MOUNT PLEASANT AREA SD,553228.78,16895589.08,16407563.57,33470026.57,34014897.43,2017
MOUNT UNION AREA SD,1619370.62,5910916.12,14406066.94,31755289.15,31522353.68,2017
MOUNTAIN VIEW SD,396099.14,9122516.74,10250366.52,20765925.91,19768982.4,2017
MT LEBANON SD,851175.82,74163003.47,22771557.12,96751111.37,97785736.41,2017
MUHLENBERG SD,1198060,40735492,16755274,59906493.28,58688826,2017
MULTICULTURAL ACADEMY CS,299623,2830027,70954,3186487,3200604,2017
MUNCY SD,238709.59,10022066.59,7082137.49,17533631.5,17343614.67,2017
NAZARETH AREA SD,564248.04,64524480.02,21993787.22,84916704.69,87723540.62,2017
NESHAMINY SD,1331573.35,130230945.7,41996039.31,183816066.7,182869454.4,2017
NESHANNOCK TOWNSHIP SD,737.27,12889311.57,6268593.15,19054698.28,19158641.99,2017
NEW BRIGHTON AREA SD,764594.91,7096029.15,16449946.06,23613284.12,24310570.12,2017
NEW CASTLE AREA SD,4687489.28,11590126.63,36757796.28,53834188.84,53036951.19,2017
NEW DAY CHARTER SCHOOL,152849.71,2470690.41,13929.97,2466612.01,2637470.09,2017
NEW FOUNDATIONS CS,1377388,16627416,326406,17448003,18466383,2017
NEW HOPE-SOLEBURY SD,86905.95,34612056.43,6365484.81,38965513.13,41086940.17,2017
NEW KENSINGTON-ARNOLD SD,1932958.61,11970300.42,21785115.48,37249445.94,38059283.04,2017
NEWPORT SD,423635.21,8453788.42,10192468.71,28831010.29,29216108.17,2017
NITTANY VALLEY CS,15050,836127,1945,722059,853122,2017
NORRISTOWN AREA SD,5848788.29,108874118.6,35837379.73,148700255.1,150561871.6,2017
NORTH ALLEGHENY SD,1002905.19,121418385,34534085.29,162472079.4,162372704.8,2017
NORTH CLARION COUNTY SD,215143.49,3121219.52,5505196.81,8714323.95,8841559.82,2017
NORTH EAST SD,691779.39,9788241.56,14256274.33,24626168.37,24736295.28,2017
NORTH HILLS SD,882374.86,58255784.9,19013910.63,77991698.11,78169157.26,2017
NORTH MONTCO TECH CAREER CENTER,289928,10589341.67,1787342.76,13020587.57,12666612.43,2017
NORTH PENN SD,2865162.57,198901175.8,50377168.15,252401885.6,252302221.7,2017
NORTH POCONO SD,643378.36,33015359.71,18663095.07,52965824.42,52321833.14,2017
NORTH SCHUYLKILL SD,895453.02,12479286.38,16166263.74,29466609.59,29541003.14,2017
NORTH STAR SD,485997.16,5796609.94,12527049.71,18609865.62,18809656.81,2017
NORTHAMPTON AREA SD,1050413.45,69036825.28,31008100.72,103134097.8,101128488.5,2017
NORTHEAST BRADFORD SD,315253.33,4471941.17,9238348.35,13657430.62,14025542.85,2017
NORTHEASTERN YORK SD,1037864.13,44192508.84,23629314.51,69944738.03,68859687.48,2017
NORTHERN BEDFORD COUNTY SD,284904.49,4043272.28,9054392.99,13229942.72,13382569.76,2017
NORTHERN CAMBRIA SD,307308.88,3798514.26,13604264.62,17036172.85,17710087.76,2017
NORTHERN LEBANON SD,546643.65,21768737.14,14720924.19,36521428.26,37045311.73,2017
NORTHERN LEHIGH SD,502600.73,17907624.9,13258639.9,32825123.98,31845746.53,2017
NORTHERN POTTER SD,300241.46,3415281.3,6766713.64,10002114.76,10482236.4,2017
NORTHERN TIER CAREER CENTER,134351.66,3457520.53,810104.43,4352273.19,4401976.62,2017
NORTHERN TIOGA SD,916547.01,12096232.73,20591994.93,32747971.81,33604774.67,2017
NORTHERN WESTMORELAND CTC,136630,2705121.15,661967.58,3377789.72,3503718.73,2017
NORTHERN YORK COUNTY SD,381066.94,30244663.43,16130350.51,47427776.56,46759083.58,2017
NORTHGATE SD,578764,13962226,8697752,23738999,23239163,2017
NORTHUMBERLAND COUNTY CTC,76047.59,1586154.16,484127.21,2138581.25,2146328.96,2017
NORTHWEST AREA SD,408536.69,6930795.16,11545040.13,19074855.43,18884371.98,2017
NORTHWESTERN LEHIGH SD,218564,28779499.5,13187374.45,41655246.3,42185437.95,2017
NORTHWESTERN SD,682747.86,5927840.16,14341523.86,20853277.55,20952111.88,2017
NORTHWOOD ACADEMY CS,870779.97,9221269.72,83917.59,9738633.1,10243505.28,2017
NORWIN SD,837130.72,39449466.29,29745261.8,67959173.51,70032836.11,2017
OCTORARA AREA SD,695274.55,36693703.1,14959429.37,52576790.21,52364414.98,2017
OIL CITY AREA SD,1459375.94,6824709.37,22415933.01,31275164.24,30803698.72,2017
OLD FORGE SD,312744.17,7550637.07,5244312.35,14548049.4,13107693.59,2017
OLEY VALLEY SD,350065.26,22021635.62,9754919.95,32377017.82,32323995.2,2017
OLNEY CHARTER HIGH SCHOOL,3579725,26015317,71015,29328629,29666057,2017
OSWAYO VALLEY SD,211950.02,2619460.14,5863819.42,8211440.58,8695229.58,2017
OTTO-ELDRED SD,481791.54,1982451.52,8638025.92,11329609.09,11102268.98,2017
OWEN J ROBERTS SD,925779.84,82922796.5,21936707.23,106388113.7,105785283.6,2017
OXFORD AREA SD,947979.19,39130285.67,25067220.35,66867965.98,65256377.2,2017
PALISADES SD,374116.26,32835476.91,9568044.17,41582919.8,42777637.34,2017
PALMERTON AREA SD,417002.3,19135790.03,12345632.03,29718965.25,31898424.36,2017
PALMYRA AREA SD,1114981.76,35353866.49,14377250.37,49613558.48,50974753.62,2017
PAN AMERICAN ACADEMY CS,854332,9413178,185592,11067937,10453102,2017
PANTHER VALLEY SD,1055451.92,11299144.44,14236028.51,26657730.13,26590624.87,2017
PARKLAND SD,1800253,138217780,32277881,170994623.2,172303001,2017
PARKWAY WEST CTC,325125,5634610,997406,6917428,6957141,2017
PASSPORT ACADEMY CS,52178,2747420,16131,2815375,2815729,2017
PEN ARGYL AREA SD,273921.22,19187147.38,10054173.85,29289201.44,29517242.45,2017
PENN CAMBRIA SD,530365.07,7359682.85,16006461.97,23838462.9,23896509.89,2017
PENN HILLS CHARTER SCHOOL OF ENTREPRENEURSHIP,289893,5943567,112886,6968728,6346346,2017
PENN HILLS SD,4779632.14,47784345.76,36106583.97,90000309.83,88917359.94,2017
PENN MANOR SD,1153549.23,55598092,26964515.9,81851117.75,83717957.13,2017
PENN-DELCO SD,385012.03,42350273.93,16013784.18,58994182.23,58749070.14,2017
PENN-TRAFFORD SD,432976,29830000.6,25224354.27,55419815.25,55705175.76,2017
PENNCREST SD,1612216.02,19001424.47,31551525.18,51379699.36,52250166.62,2017
PENNRIDGE SD,874236,103866255,30390603,135131094,135131094,2017
PENNS MANOR AREA SD,448937.06,4986953.05,11914689.82,17577691.13,17350579.93,2017
PENNS VALLEY AREA SD,758942.67,16668571.19,9904588.01,35026766.18,27338455.08,2017
PENNSBURY SD,2457691.79,151148658.9,48958081.46,229775515.8,231388747.3,2017
PENNSYLVANIA CYBER CS,3180688.79,146565448.8,1116782.76,132782929.8,150886775.3,2017
PENNSYLVANIA DISTANCE LEARNING CS,550849,11821028,22223,11403401,12394100,2017
PENNSYLVANIA LEADERSHIP CHARTER SCHOOL,1085269,40412158,41465,37527783.26,43245919,2017
PENNSYLVANIA VIRTUAL CS,782078,30121235.83,177610.54,31751183.76,31080924.37,2017
PEOPLE FOR PEOPLE CS,2924177.52,7367134.78,163407.14,10137992.37,10454719.44,2017
PEQUEA VALLEY SD,1094344.05,27736089.94,8489987.42,36279646.83,37635580.26,2017
PERKIOMEN VALLEY SD,960796.46,81908776.05,23280314.88,105226202,107429093.4,2017
PERSEUS HOUSE CS OF EXCELLENCE,988258,6948052,197187,9036846.44,8833497,2017
PETERS TOWNSHIP SD,271929.71,48917098.17,15171170.72,64236649.03,64361141.6,2017
PHILADELPHIA AVTS,0,21514554,9851419,31365973.34,31365973,2017
PHILADELPHIA ACADEMY CS,1287604,15595172,286161,16973207,17168937,2017
PHILADELPHIA CITY SD,277553486,1431046028,1614855892,3262020713,3326503962,2017
PHILADELPHIA ELECTRICAL & TECH CHS,1056133.23,7112039.73,170482.38,8058978.93,8411847.34,2017
PHILADELPHIA MONTESSORI CS,200914,2406591,39263,2436114,2646768,2017
PHILADELPHIA PERFORMING ARTS CS,2415732,28613613,482549,30425073,31511894,2017
PHILIPSBURG-OSCEOLA AREA SD,523560.19,11566602.81,18256524.34,33024645.68,30347512.34,2017
PHOENIXVILLE AREA SD,800947.99,70650073,17482427.77,90394810.06,88933448.76,2017
PINE GROVE AREA SD,519081.58,11637334.22,11955707.24,24340085.85,24112123.04,2017
PINE-RICHLAND SD,431647,67350804,17764925,81960138,85553437,2017
PITTSBURGH SD,42544881.06,337744987.8,282566918.6,673112485.7,663577461.4,2017
PITTSTON AREA SD,1192310.56,29111647.35,20411535.55,49139804.73,50764394.12,2017
PLEASANT VALLEY SD,1540138.23,51562992.49,45529940.06,101292840.5,99085507.21,2017
PLUM BOROUGH SD,1290970.78,34721875.78,26726661.11,62393540.44,63514034.54,2017
POCONO MOUNTAIN SD,3472405.06,141634807.5,64113916.87,216144244.6,209221549.4,2017
PORT ALLEGANY SD,481526.9,3464518.65,10936974.76,14801742.95,14883020.31,2017
PORTAGE AREA SD,294644.71,2749776.51,10180570.62,13014101.26,13224991.84,2017
POTTSGROVE SD,984474,44233514,19970857,65064783,65188845,2017
POTTSTOWN SD,2380412.63,34568235.48,25782629.81,62321570.46,63193585.92,2017
POTTSVILLE AREA SD,960734.29,17265852.92,21362576.87,40117135.4,40108664.08,2017
PREMIER ARTS AND SCIENCE CHARTER SCHOOL,240460,3276517,32566,2929393,3549543,2017
PREPARATORY CS OF MATHEMATICS SCIENCE TECH AND CAREERS,600672.41,6482996.75,164336.52,6293602.72,7248005.68,2017
PROPEL CS-BRADDOCK HILLS,494689,14177747,165153,14042670,14837589,2017
PROPEL CS-EAST,154524,5622481,70883,5660702,5847888,2017
PROPEL CS-HAZELWOOD,202067,4606745,18725,4783848,4827537,2017
PROPEL CS-HOMESTEAD,456883,9756694,111836,10209498,10325413,2017
PROPEL CS-MCKEESPORT,304370,5170743,97629,5578509,5572742,2017
PROPEL CS-MONTOUR,437246,9776115,36561,9888595,10249922,2017
PROPEL CS-NORTHSIDE,246168,7032049,36671,8087888,7314888,2017
PROPEL CS-PITCAIRN,162780,5289155,29035,5355326,5480970,2017
PROVIDENT CS,58376,3823443.02,0,4053827.8,4181819.02,2017
PUNXSUTAWNEY AREA SD,1230000.12,11716650.79,25654674.58,39882907.31,38610805.49,2017
PURCHASE LINE SD,915858.99,3539766.22,13763076,19601996,18218701.21,2017
QUAKER VALLEY SD,980265,39987584,7522157,48153318,48490006,2017
QUAKERTOWN COMMUNITY SD,617189.21,78009754.55,26779468.02,104580213.2,105930061,2017
RADNOR TOWNSHIP SD,695543.75,80142939.42,14873620.61,94707855.32,95719779.28,2017
REACH CYBER CS,831237,25831857,0,23472696.99,26663094,2017
READING MUHLENBERG CTC,515961,6439410.2,2397065.34,9398353.01,9395672.01,2017
READING SD,25182100.39,45925389.91,193676729.2,254715904.1,265431850.1,2017
RED LION AREA SD,1196021,53476068,33113259,85950530,87785348,2017
REDBANK VALLEY SD,416154.24,3709323.29,13289966.23,24008049.15,23165443.76,2017
RENAISSANCE ACADEMY CS,170996,17371443,33497,16847360,17575936,2017
REYNOLDS SD,122860.1,6535050.82,12801849.13,19459759.84,19459760.05,2017
RICHARD ALLEN PREPARATORY CS,864568,5362665.8,128887,6298943,6374839.8,2017
RICHLAND SD,494853.5,15145107.7,6869597.13,22200772.44,22509558.33,2017
RIDGWAY AREA SD,82135.33,5292854.37,8120381.43,14091711.3,13495371.13,2017
RIDLEY SD,1404921.63,75051351.89,30116056.04,109482824.8,106572329.6,2017
RINGGOLD SD,940206.85,22267391.53,23159271.82,46277386.25,46366870.2,2017
RIVERSIDE BEAVER COUNTY SD,484342.72,10068840.51,13649478.92,25134262.56,24202662.15,2017
RIVERSIDE SD,510244.3,15489257.18,9431889.09,24897265.34,25431390.57,2017
RIVERVIEW SD,294334.28,15964572.74,6479453.68,22833956.49,22738360.7,2017
ROBERT BENJAMIN WILEY COMMUNITY CS,115954.22,5081947.02,94760.11,5594487.01,5292661.35,2017
ROBERTO CLEMENTE CS,850273.91,7094988.91,120608.1,7385064,9761371.92,2017
ROCHESTER AREA SD,577936.05,5504400.93,10291233.5,16948935.92,16373570.48,2017
ROCKWOOD AREA SD,176734.3,5722789.2,5334559.95,10551305.14,11234083.45,2017
ROSE TREE MEDIA SD,514834.93,76074051.35,15685220.82,89892806.19,92482649.89,2017
RUSSELL BYERS CS,753080,6868419,114068,7764251,7735567,2017
SUN AREA TECHNICAL INSTITUTE,153086,5330948.53,973146.75,6334916.05,6457181.28,2017
SAINT CLAIR AREA SD,307928.62,5504400.11,5465403.06,14338696.79,14951191.79,2017
SAINT MARYS AREA SD,557929.1,15125236.91,12134173.05,29692384.1,27817339.06,2017
SALISBURY TOWNSHIP SD,252750.87,27917329.06,7660473.39,39427757.22,38262488.62,2017
SALISBURY-ELK LICK SD,440858.92,1337801.28,2978373.26,4708420.02,4757033.46,2017
SANKOFA FREEDOM ACADEMY CHARTER SCHOOL,716168,7732222,70844,8405917.6,8519234,2017
SAUCON VALLEY SD,251238.09,35673125.5,9847128.88,48582184.55,48255457.47,2017
SAYRE AREA SD,303772,8299782.89,9945392.98,17816861.42,18548947.87,2017
SCHOOL LANE CS,637262.67,17939839.48,41050.29,16905550.17,18618152.44,2017
SCHUYLKILL HAVEN AREA SD,345409.62,8692305.44,10725152.96,19916463.07,19762868.02,2017
SCHUYLKILL TECHNOLOGY CENTERS,256854.46,6410463.32,1458597.3,7851831.08,8125915.08,2017
SCHUYLKILL VALLEY SD,271820.5,27993174.18,8889722.88,38074155.59,37155210.56,2017
SCRANTON SD,6152544.72,66560610.77,77675972.65,157791258,150847059.1,2017
SELINSGROVE AREA SD,1163587.02,25633160.75,15444577.46,43776556.35,42242282.13,2017
SENECA HIGHLANDS CAREER AND TECHNICAL CENTER,0,1530350.15,506685.4,2054168.11,2037035.55,2017
SENECA VALLEY SD,1054667.21,91577511.64,34500363.82,126244544.4,127132542.7,2017
SEVEN GENERATIONS CHARTER SCHOOL,181060,4309239,17534,4330918,4507833,2017
SHADE-CENTRAL CITY SD,249272.32,2549330.34,6043968.36,9049021.3,8842571.02,2017
SHALER AREA SD,959102.33,54557537.03,27488675.76,81130112.36,83309425.14,2017
SHAMOKIN AREA SD,1230704.98,6583352.17,20079294.71,29085896.41,27925630.35,2017
SHANKSVILLE-STONYCREEK SD,162698.18,4026876.96,2725900.99,6656337.17,6915476.13,2017
SHARON CITY SD,1240332.31,9996898.55,23739810.03,35474726.07,34977235.89,2017
SHARPSVILLE AREA SD,64503.02,6337355.96,10724473.19,17459069.17,17126332.17,2017
SHENANDOAH VALLEY SD,901794.85,4877321.87,11563230.76,17439996.1,17386647.48,2017
SHENANGO AREA SD,453994.28,6145673.88,11388268.7,17838132.68,17992380.22,2017
SHIKELLAMY SD,1846457.85,21520301.62,22839006.94,47190192.97,46238221.41,2017
SHIPPENSBURG AREA SD,1168192.65,28958007.14,19059053.71,52721198.74,52057253.5,2017
SLIPPERY ROCK AREA SD,0,16871923,15141224,31750638,32013147,2017
SMETHPORT AREA SD,441730.75,4523834.81,10061229.67,14629551.06,15026795.23,2017
SOLANCO SD,2145725.52,33078923.03,19806792.89,55073379.26,55066281.08,2017
SOMERSET AREA SD,894811.66,21864304.28,14568016.44,37006013.9,37327132.38,2017
SOMERSET COUNTY TECHNOLOGY CENTER,1074991.75,3760299.05,1072366.47,6530539.69,5907657.27,2017
SOUDERTON AREA SD,946608.48,93671014.09,29080577.1,124061959.2,126901679.3,2017
SOUDERTON CS COLLABORATIVE,25107,3554706,10787,3366770,3590600,2017
SOUTH ALLEGHENY SD,591419.26,7049255.89,15866604.85,24800165.31,23507280,2017
SOUTH BUTLER COUNTY SD,5005.26,20454506.08,15229310.77,35721498.72,35688822.11,2017
SOUTH EASTERN SD,553950.66,34165253.51,18789926.53,51134469.91,53526092.7,2017
SOUTH FAYETTE TOWNSHIP SD,1557825.16,40749691.22,12500427.24,53138550.79,55129983.62,2017
SOUTH MIDDLETON SD,256134,25971418.46,10372981.28,34534934.07,36600533.74,2017
SOUTH PARK SD,379425.1,20599272.91,12679794.37,33013702.3,33658492.38,2017
SOUTH SIDE AREA SD,254491,8713455,14471460,22788125,23441306,2017
SOUTH WESTERN SD,618495.05,44985489.21,21661633.07,65927930.21,67265617.33,2017
SOUTH WILLIAMSPORT AREA SD,353930,7874991.01,10552061.84,19580429.73,18780982.85,2017
SOUTHEAST DELCO SD,4151255,39769948,34352064,82891001,78273267,2017
SOUTHEASTERN GREENE SD,236526.31,3232246.43,7890285.47,11464738.66,11488758.21,2017
SOUTHERN COLUMBIA AREA SD,328644.36,12707152.97,8944006.59,21801160.45,21979803.92,2017
SOUTHERN FULTON SD,255764.33,4598406.39,7576490.28,17691469.23,18141524.25,2017
SOUTHERN HUNTINGDON COUNTY SD,527638.15,5688944.62,11029706.09,16220091.65,17246288.86,2017
SOUTHERN LEHIGH SD,281634.93,48742244.33,14164912.24,63975043.12,63188791.5,2017
SOUTHERN TIOGA SD,531613.08,15141807,15829071,31081328.06,31502491.08,2017
SOUTHERN YORK COUNTY SD,386797.99,36878779.92,17618043.59,53889174.43,55091045.5,2017
SOUTHMORELAND SD,551814.84,11766020.4,17176149.57,31550531.41,29494014.81,2017
SOUTHWEST LEADERSHIP ACADEMY CS,452346,5817301,151582,14103386,16710436,2017
SPECTRUM CS,1527,1199236,0,1144011,1200763,2017
SPRING COVE SD,610635.88,12236071.67,13373421.98,25154516.83,26220129.53,2017
SPRING GROVE AREA SD,680256.46,43304669.08,23115706.27,71370566.4,71036631.81,2017
SPRING-FORD AREA SD,559189.87,118723228.8,31476064.77,156025360.6,152396993.2,2017
SPRINGFIELD SD,225303.75,59533866.14,12947075.46,73453971.69,72706245.35,2017
SPRINGFIELD TOWNSHIP SD,415224.22,44865349.75,10139731.65,56949322.38,55464301.66,2017
STATE COLLEGE AREA SD,1593040.69,124180626.6,27351253.47,155112430.1,153159772.1,2017
STEEL CENTER FOR CAREER AND TECHNICAL EDUCATION,296519,4713498,1217078,6180078.64,6227095,2017
STEEL VALLEY SD,1025515.24,16619213.51,15191807.21,35562615.6,32836535.96,2017
STEELTON-HIGHSPIRE SD,1110583.26,6980657.32,14429537.02,23304619.37,22520777.6,2017
STO-ROX SD,1428805.2,8724442.55,16067105.02,27492876.3,27721052.77,2017
STONE VALLEY COMMUNITY CS,109105.65,918036.79,10738.22,1006844.45,1037880.66,2017
STROUDSBURG AREA SD,3777163.85,73476345.24,33370066.9,108594221.7,110885963.3,2017
SUGAR VALLEY RURAL CS,373122.12,8278621.66,8914.22,7373274.06,8660658,2017
SULLIVAN COUNTY SD,183718.28,9168708.46,5229692.43,14531457.47,14582119.17,2017
SUSQ-CYBER CS,0,1076511,0,1209990.17,1076511,2017
SUSQUEHANNA COMMUNITY SD,330352.03,4252292.54,10926805.59,15839039.66,15509450.16,2017
SUSQUEHANNA COUNTY CTC,426958.32,3638860.58,963484.56,5127967.65,5029303.46,2017
SUSQUEHANNA TOWNSHIP SD,720524.83,37827988.76,10763689.83,50697763.38,49780967.31,2017
SUSQUENITA SD,293492.99,16266174,15160086.81,31806965.65,31719753.8,2017
SYLVAN HEIGHTS SCIENCE CS,165792,2565526,19614,2732557,2789222,2017
TECH FREIRE CS,943025,5353074,78445,5797048,6374544,2017
TACONY ACADEMY CHARTER SCHOOL,1031779,13754667,256274,14191764,15042720,2017
TAMAQUA AREA SD,395104.05,16125400.21,12608806.74,39445957.06,39146881.6,2017
THE NEW ACADEMY CS,355138,2627228,28213,3119938,3010579,2017
THE PHILADELPHIA CS FOR ARTS AND SCIENCES AT HR EDMUNDS,1077899,12940146,95227,13825122,14113272,2017
TIDIOUTE COMMUNITY CS,129408.1,4505292.63,28257.56,4235512.68,4662958.29,2017
TITUSVILLE AREA SD,1118098.17,8835361.45,22196069.32,33072278.67,32570756.44,2017
TOWANDA AREA SD,658771.6,11593652.7,13254828.48,26957328.2,25507252.78,2017
TREDYFFRIN-EASTTOWN SD,1472508,114190586,22126993,140190909,137790087,2017
TRI-VALLEY SD,201350.98,5833457.81,7302034.78,13420975.02,13461843.57,2017
TRINITY AREA SD,1439157.58,35992760.02,22037525.86,56643671.78,59473397.74,2017
TROY AREA SD,429978,8958914,14882073,23942468.16,24270965,2017
TULPEHOCKEN AREA SD,635290.75,20083655.26,10171787.66,30868177.77,30890733.67,2017
TUNKHANNOCK AREA SD,868573.87,24768339.32,21829151.43,47504376.17,47466064.62,2017
TURKEYFOOT VALLEY AREA SD,192817.82,1792243.23,3543765.63,5507151.22,5528826.68,2017
TUSCARORA SD,518914.32,21199141.93,16923756.45,38125689.02,40166812.7,2017
TUSSEY MOUNTAIN SD,425982.48,4896419,12212650.46,16775396.17,17535051.94,2017
TWIN VALLEY SD,1016809.19,46407693.89,15741666.51,68281160.07,70172654.99,2017
TYRONE AREA SD,757004.77,7613624,15962303.01,25031010.1,24332931.78,2017
UNION AREA SD,364,4603343,7210145,11072362,11813852,2017
UNION CITY AREA SD,428867.86,3932953,14115286.59,17843092.55,18477107.45,2017
UNION SD,236752.56,2229313.05,8295221.87,11221983.73,10761287.48,2017
UNIONTOWN AREA SD,2426200.55,16250459.74,26633486.72,49004858.54,45310147.01,2017
UNIONVILLE-CHADDS FORD SD,240863.9,69207349.64,15516987.34,84969648.07,84969648.42,2017
UNITED SD,773132.02,6095118.71,14623303.45,21409808.68,21491554.18,2017
UNIVERSAL ALCORN CS,1048989,6445423,12176,7300803,7506588,2017
UNIVERSAL AUDENRIED CHARTER SCHOOL,3000341,7641023,343852,9418189,10985216,2017
UNIVERSAL BLUFORD CHARTER SCHOOL,662422,6821451,56749,7192922,7540622,2017
UNIVERSAL CREIGHTON CHARTER SCHOOL,1353055,8255333,108782,9125572,9717170,2017
UNIVERSAL DAROFF CHARTER SCHOOL,1586249,7992098,93086,9576104,9671433,2017
UNIVERSAL INSTITUTE CS,610964,7368599,171911,7582962,8151474,2017
UNIVERSAL VARE CHARTER SCHOOL,705055,5735274,57950,5432526,6498279,2017
UPPER ADAMS SD,327510,15527961,12178811.93,26491626.22,28034282.93,2017
UPPER BUCKS COUNTY TECHNICAL SCHOOL,115783,7749538.58,1284419.53,9344615.71,9150449.76,2017
UPPER DARBY SD,6427056.81,107044187.6,79309907.08,195003405.2,195513374.3,2017
UPPER DAUPHIN AREA SD,520374.35,9297668.93,10176358.77,19654287.02,20003702.05,2017
UPPER DUBLIN SD,427485.99,80463909.11,17395005.63,98700522.25,98437200.73,2017
UPPER MERION AREA SD,676555.36,82958055.97,14279499.43,99416815.55,99143394.76,2017
UPPER MORELAND TOWNSHIP SD,500345.57,49456805.81,13268214.44,66169714.75,63276577.79,2017
UPPER PERKIOMEN SD,412518.55,40160964.18,18987001.42,58945811.68,59591208.24,2017
UPPER SAINT CLAIR SD,1600946.06,62799884.1,16936514.52,80455771.01,82242374.68,2017
URBAN ACADEMY OF GREATER PITTSBURGH CS,180908,5137305,30854,4929359,5349067,2017
URBAN PATHWAYS 6-12 CS,278564,6096138,51614,6429391.86,6426956,2017
URBAN PATHWAYS K-5 COLLEGE CHARTER SCHOOL,366675,5000198,64548,5091786,5431634,2017
VALLEY GROVE SD,285442.13,3404921.74,10051390.35,13512848.24,13801164.22,2017
VALLEY VIEW SD,750556,16580849,14906492,33540308,32237897,2017
VENANGO TECHNOLOGY CENTER,151435,5172976.73,1203977,6296938.68,6528388.73,2017
VIDA CHARTER SCHOOL,105969,3159940,27742,3275063,3293651,2017
VISION ACADEMY CHARTER SCHOOL,378364,3336906,28735,4122388.3,3775321,2017
WALLENPAUPACK AREA SD,1097844.94,54136293.89,17275644.5,71255639.46,72515983.33,2017
WALLINGFORD-SWARTHMORE SD,164598.31,62646986.51,15539764.45,78301585.22,78351349.27,2017
WARREN COUNTY SD,4423731.32,28019546.9,45534519.96,78077019.38,77990368.78,2017
WARRIOR RUN SD,654273.32,12364279.41,10833441.46,22516221.71,33661994.19,2017
WARWICK SD,590027.6,50822822.09,21569030.39,71516604.03,72981880.08,2017
WASHINGTON SD,1313557.06,11215801.23,14766741.61,28126893.45,28367493.95,2017
WATTSBURG AREA SD,361905.08,12371325.44,12229169.8,23376405.76,24962400.32,2017
WAYNE HIGHLANDS SD,1347620.35,35244868.12,18467333.46,55375212.12,55059821.93,2017
WAYNESBORO AREA SD,1226267.59,31380941.01,24625466.52,56569140.5,57563846.13,2017
WEATHERLY AREA SD,219879.43,6888593.27,5924415.91,13443322.78,13032888.61,2017
WELLSBORO AREA SD,521821.72,14315098.56,10687518.71,24472439.32,25524438.99,2017
WEST ALLEGHENY SD,431163.73,46760051.43,15857482.01,60939143.27,63048697.17,2017
WEST BRANCH AREA SD,586312.2,5479554.23,11762755.28,17944925.5,17828621.71,2017
WEST CHESTER AREA SD,2053576.57,197373472.6,42747950.91,239048804.3,242175000.1,2017
WEST GREENE SD,385028.26,14038961.36,6438318.62,19820199.67,20862308.24,2017
WEST JEFFERSON HILLS SD,262017.63,35670943.89,13887293.16,48403404.1,49820254.68,2017
WEST MIDDLESEX AREA SD,524487.65,5611262.48,9215340.15,15340663.82,15351090.28,2017
WEST MIFFLIN AREA SD,1572511.14,33855094.49,18754337.6,52885900.92,54461716.45,2017
WEST OAK LANE CS,1815592,11452439,255198,13100973,13575413,2017
WEST PERRY SD,759554.42,20798979.92,18116287.55,37377660.89,39674821.89,2017
WEST PHILA. ACHIEVEMENT CES,999071,4894573,2525292,7812988,8418936,2017
WEST SHORE SD,1511071.48,83303510.94,31907150.2,126190176,116980519.6,2017
WEST SIDE CTC,227188,5308989.53,1159896.83,6696075.36,6696074.36,2017
WEST YORK AREA SD,694206,41884651,15324692,53951370,57911049,2017
WESTERN AREA CTC,899881,3597759.98,884677.51,5339875.4,5673362.64,2017
WESTERN BEAVER COUNTY SD,191831.63,4350237.67,8667772.09,13127901.09,13209841.39,2017
WESTERN MONTGOMERY CTC,116519,5030474.53,917911.48,5982642.4,6073405.01,2017
WESTERN WAYNE SD,819291.69,27882117.68,15815198.28,47505048.44,48770680.4,2017
WESTINGHOUSE ARTS ACADEMY CS,0,1625260,0,2589490.16,1625260,2017
WESTMONT HILLTOP SD,431179.46,13756996.76,8048107.06,24159159.72,22236283.28,2017
WHITEHALL-COPLAY SD,1057989.45,46732068.62,19512536,66919777.21,67308234.65,2017
WIDENER PARTNERSHIP CS,364257.95,5944047.5,43851.68,6310480.52,6352157.13,2017
WILKES-BARRE AREA CTC,362241.8,7682638.78,1855903.41,10516746.27,10516746.27,2017
WILKES-BARRE AREA SD,4745457.22,64386573.39,49621383.81,121890932.4,123685533.9,2017
WILKINSBURG BOROUGH SD,2070630.44,13914142.19,15787137.21,29359653.87,31963858.84,2017
WILLIAM PENN SD,3832040,49306543,43769716,97217291,96908299,2017
WILLIAMS VALLEY SD,277012.06,4690924.53,10980430.22,17750407.67,16598787.96,2017
WILLIAMSBURG COMMUNITY SD,275427.41,2162198,5272935.56,7634057.38,7718676.63,2017
WILLIAMSPORT AREA SD,7620210,35404605,46908991,89322307.08,89933806,2017
WILMINGTON AREA SD,919392,8999879.68,10191490.22,24862755.09,25552586.9,2017
WILSON AREA SD,619108.81,26355800.65,12922605.94,38722838.59,39897515.4,2017
WILSON SD,1309451.06,77926569.33,23649489.81,100615753.2,103130183.5,2017
WINDBER AREA SD,482341.24,4315303.24,12933297.81,17899851.57,17740764.29,2017
WISSAHICKON CS,1423576,13040125,210437,13894399,14674138,2017
WISSAHICKON SD,556419.39,80456531.56,19551672.5,99935908.53,100595742.5,2017
WONDERLAND CS,0,0,0,0,0,2017
WOODLAND HILLS SD,3178522.97,55862148.89,32409477.84,95102694.16,91566918,2017
WYALUSING AREA SD,411571.05,10653318.93,12195269.68,22243801.21,23385159.66,2017
WYOMING AREA SD,872214.61,18619503.89,15073309.45,34520165.04,34665505.04,2017
WYOMING VALLEY WEST SD,3352215.94,36366801.71,35360643.61,78132145.07,76324852.26,2017
WYOMISSING AREA SD,405360.67,27758289.61,6585900.89,35954037.63,35141970.37,2017
YORK ACADEMY REGIONAL CHARTER SCHOOL,565124.47,8679297.8,90653.66,8657056.98,9335075.93,2017
YORK CITY SD,9552290.68,37520293.52,93915188.57,142205252.8,141223635,2017
YORK CO SCHOOL OF TECHNOLOGY,979714,21112051.36,4904751.6,26873043.03,26996516.96,2017
YORK SUBURBAN SD,480941.19,45342654.19,10118351.87,53385612.9,55943667.25,2017
YOUGH SD,609119.56,14501654.46,17699499.45,32677013.08,32810273.47,2017
YOUNG SCHOLARS CS,282353,3631846,93986,3813481,4008185,2017
YOUNG SCHOLARS OF CENTRAL PA CS,111608,5907143,22274,5709715,6041025,2017
YOUNG SCHOLARS OF MCKEESPORT CHARTER SCHOOL,200641,2520481,53245,2450619,2774367,2017
YOUNG SCHOLARS OF WESTERN PENNSYLVANIA CS,196945,5196095,61973,5518364,5655013,2017
YOUTH BUILD PHILA CS,2398496,4768767,65655,6614131,7232918,2017
