AUN,School District,County,2020-21,2019-20,2018-19,2017-18,2016-17,2015-16,2014-15,2013-14,2012-13,2011-12,2010-11,2009-10,2008-09
112011103.0,Bermudian Springs SD,Adams,20708871.58,18907790.15,19698163.64,19865174.07,17503535.25,16854780.81,15889772.89,15896280.15,15551324.9,16226504.33,15078410.25,14967150.79,14417424.24
112011603.0,Conewago Valley SD,Adams,46117749.12,42692392.53,41069066.66,39925163.57,37879787.74,36139576.55,33894940.6,32169157.84,32033068.69,31877385.83,30916703.98,29245152.92,28109057.28
112013054.0,Fairfield Area SD,Adams,13338618.35,11668169.75,13783862.58,11258142.89,10961729.93,10983325.17,11049293.68,10947317.7,10789623.69,11150015.11,11203506.97,9966983.58,10395311.92
112013753.0,Gettysburg Area SD,Adams,43994861.59,42140285.75,40573770.08,40519083.87,39533756.66,39399732.17,36091009.22,35711820.6,33756182.83,33552510.85,33193898.38,32310320.57,32135899.88
112015203.0,Littlestown Area SD,Adams,24263902.45,23365063.78,22507993.62,21795799.28,20651159.69,20154230.48,20154167.14,19411588.5,17894615.98,17681783.77,18239210.18,17954245.53,17143664.12
112018523.0,Upper Adams SD,Adams,19786506.18,18718736.0,18843356.56,17644424.19,16939962.12,17612170.93,17006836.78,17004573.92,16186277.09,15251896.59,15485932.69,15189132.83,14343942.26
103020603.0,Allegheny Valley SD,Allegheny,15073326.72,15250152.41,15229731.71,15053495.93,14461465.85,13909410.85,13525136.31,13088689.26,12181312.48,12801115.17,13384729.18,12109490.76,12560121.06
103020753.0,Avonworth SD,Allegheny,24305264.36,23548929.83,22258541.78,21200947.5,20123546.8,18931964.6,18394028.35,17634490.64,16454909.34,15523380.21,15407158.78,14640912.18,13670024.7
103021102.0,Baldwin-Whitehall SD,Allegheny,43688476.05,43091288.16,41368920.3,42873781.67,42048989.17,40418825.55,45224210.57,41198862.61,38652618.74,39106509.29,37561276.32,39095648.29,35339920.42
103021252.0,Bethel Park SD,Allegheny,63543509.68,59705595.89,59546364.28,57822708.84,57270368.28,57019065.01,55202313.11,57623447.01,48352550.0,48297389.44,49497982.82,48756850.96,46764088.27
103021453.0,Brentwood Borough SD,Allegheny,16450097.86,16407721.98,16532752.54,15974228.52,15062497.29,14043994.28,15619266.19,15086098.58,13147762.1,13234678.12,13062757.25,12440704.1,11685575.22
103021603.0,Carlynton SD,Allegheny,20577270.13,20998798.54,21024291.66,21778692.5,19687032.23,19223211.49,20558219.69,25598450.68,17839974.93,16260229.24,15941751.75,15596210.34,14816370.56
103021752.0,Chartiers Valley SD,Allegheny,46253814.17,44969226.61,44929089.82,43034600.96,42766927.81,42790473.51,41103602.49,39294406.94,37297166.49,34821614.68,33688611.8,31756242.56,29874321.89
103021903.0,Clairton City SD,Allegheny,11595078.05,11958209.87,11628342.06,10815410.37,12807888.35,10348615.4,9986935.65,10311513.98,9961861.41,10167686.18,10091633.66,10664201.16,10802141.85
103022103.0,Cornell SD,Allegheny,10619643.96,10364822.19,10043605.72,10227333.73,9522036.53,8834939.89,8539286.6,8405731.93,7811269.02,7945485.62,7997343.05,7851314.57,7532239.37
103022253.0,Deer Lakes SD,Allegheny,25032091.57,25105048.88,24591784.97,23652021.97,22884651.76,21678808.72,20556255.44,20606021.22,20874406.37,19530187.68,22150589.07,21417146.62,20322194.81
103022503.0,Duquesne City SD,Allegheny,14681061.76,15215783.75,13513735.09,13404791.75,12268910.97,11307676.92,8790323.64,5961857.96,9625747.33,8831020.99,7233069.86,8336003.28,7221255.95
103022803.0,East Allegheny SD,Allegheny,19624957.27,18231790.4,18954152.83,19969873.39,17403974.98,18901268.7,19444770.45,18865818.28,17618842.06,17559477.92,17783771.05,17931289.18,18505274.96
103023153.0,Elizabeth Forward SD,Allegheny,26210170.02,27164552.96,27923512.54,26433257.46,27457283.28,25818383.83,25720520.53,24987649.9,25082583.05,23353198.56,23350021.86,25304870.29,25284539.33
103023912.0,Fox Chapel Area SD,Allegheny,72149815.18,74562430.04,74655314.14,72427757.07,69564477.04,66922767.98,64330727.4,62693152.14,61086661.63,58278932.47,56978255.53,54733176.2,54589964.25
103024102.0,Gateway SD,Allegheny,52643109.86,56137217.85,54356897.42,53360379.42,50911814.6,48327177.55,50004747.85,53087720.38,48306577.75,47253526.99,48764516.66,46598412.05,45917352.24
103024603.0,Hampton Township SD,Allegheny,38414056.31,36819267.93,36296768.54,34590597.06,33800851.37,32521325.53,31225023.2,30101716.72,29499909.84,28423213.72,28559917.99,28563748.07,28750306.67
103024753.0,Highlands SD,Allegheny,28043063.46,28794945.32,29747789.61,30239046.7,28630486.59,27987774.94,27524382.77,26424707.83,22341002.5,23119098.64,25945996.77,26241228.42,24465968.05
103025002.0,Keystone Oaks SD,Allegheny,27604767.31,28143955.61,27524852.42,27522402.0,25849034.55,25661522.9,25287173.24,23444424.75,22364686.93,22049331.51,22764921.77,22909932.1,21682713.01
103026002.0,Mckeesport Area SD,Allegheny,38060530.82,36925280.28,35108026.05,35137644.27,33460763.97,32451120.76,34357245.58,34373600.14,31974097.89,32185291.28,34896474.3,32579629.74,34286543.43
103026303.0,Montour SD,Allegheny,47464029.75,44842476.06,43164343.65,41962280.78,40607545.99,41545319.35,40774636.15,39129540.78,38941110.29,38607883.16,35682383.04,34237269.81,31237914.02
103026343.0,Moon Area SD,Allegheny,55056944.54,51972941.06,51651704.11,50543148.74,49307833.06,47649040.49,44273901.69,42767141.11,39659893.82,37316664.09,38996096.31,38242901.4,38006651.46
103026402.0,Mt Lebanon SD,Allegheny,75454338.19,73752358.96,71220619.28,67508211.48,66294149.04,64896626.16,64064450.52,60721189.61,58588165.52,57985888.14,55892569.31,56808730.29,57344428.41
103026852.0,North Allegheny SD,Allegheny,120798054.17,116680928.86,112452150.75,110120876.12,104494561.23,100931626.28,96261784.56,95814301.26,89600065.79,89959936.19,89545858.22,83976080.06,82386114.19
103026902.0,North Hills SD,Allegheny,56586098.73,57840819.94,56368080.91,53372634.77,51765403.99,49875426.0,48969868.11,47354182.83,44584845.23,45264718.21,46176029.32,46458142.65,45867176.19
103026873.0,Northgate SD,Allegheny,18161248.51,19166968.05,16945487.82,17001975.0,15619486.25,14172818.23,13378380.25,12950279.47,14106817.27,13802361.58,14648956.69,14080999.16,14866082.38
103027352.0,Penn Hills SD,Allegheny,49767896.09,48104088.11,51364746.89,53084985.87,52140714.98,53122886.7,53993054.87,54630601.33,54437581.05,51634480.16,51284202.49,50886226.93,50209435.79
103021003.0,Pine-Richland SD,Allegheny,60350836.25,57292839.02,56232785.31,53696722.02,54524657.84,52039724.95,51820190.19,44693148.25,44413960.99,42846702.37,43143447.54,41826906.13,41373994.47
102027451.0,Pittsburgh SD,Allegheny,467083856.76,461848213.87,455755542.64,442458514.29,410658978.72,399005771.66,370374115.84,370586855.41,355176347.17,379315141.44,376853377.78,396143291.4,382349080.44
103027503.0,Plum Borough SD,Allegheny,40933648.38,37628579.18,39089198.78,41088159.64,40757008.64,41281569.09,38251659.6,36815691.05,37627154.29,36131512.35,36245026.96,37095835.06,36857751.89
103027753.0,Quaker Valley SD,Allegheny,33770986.26,33289142.44,32423885.06,32068778.34,31240050.08,29408530.8,28565925.43,27108032.75,27043349.8,26018376.9,26099392.22,25229671.53,23885441.76
103028203.0,Riverview SD,Allegheny,16483017.28,16167743.33,16189807.42,15997958.69,15760011.23,15091912.63,14135722.0,13956704.38,13927581.64,12790650.99,12702509.91,12578273.96,12582443.98
103028302.0,Shaler Area SD,Allegheny,57738251.01,57100671.63,55982541.06,53362459.24,52477858.78,51344884.57,53023326.1,50869727.08,48318425.15,48254633.76,49426276.31,47420628.72,47110635.76
103028653.0,South Allegheny SD,Allegheny,16897388.84,16511270.79,16729777.65,16488353.89,15610371.86,15605667.89,15109746.87,14181269.93,13202685.95,13113031.29,13631565.29,12869992.0,12737367.64
103028703.0,South Fayette Township SD,Allegheny,38170262.19,35559203.7,33785300.91,31929259.27,29302148.79,29653967.56,26504088.76,24691890.54,22937520.83,21522174.22,20956425.65,20157085.63,19594505.04
103028753.0,South Park SD,Allegheny,21544232.74,21268751.59,20995999.05,20364423.3,19834711.53,18803479.36,18858259.68,18507807.02,18035757.74,17754366.5,18332959.17,18497062.63,19201868.15
103028833.0,Steel Valley SD,Allegheny,28597253.53,28255856.44,26807312.23,26254924.33,24565916.54,22258537.87,21266801.37,18756682.84,18110708.56,17662466.67,20808802.16,20545394.62,19788814.24
103028853.0,Sto-Rox SD,Allegheny,,17258211.36,18187673.99,16234740.46,16269174.06,15125036.38,15547526.85,15345897.91,13731675.77,15771048.78,14760986.1,15443786.19,16512153.2
103029203.0,Upper Saint Clair SD,Allegheny,62013306.44,60267735.23,57344276.73,52714563.75,52499052.33,49516929.81,47485291.94,44961682.47,42738931.27,41996101.95,41401372.29,41374665.72,41430604.88
103029403.0,West Allegheny SD,Allegheny,44409153.74,42588960.94,41392587.28,39255064.55,38104167.14,36604175.6,37070225.13,35373022.17,33616242.89,33645755.02,33115238.39,30888634.02,30111557.67
103029553.0,West Jefferson Hills SD,Allegheny,38297773.94,37816221.92,39289774.22,33306703.82,31250300.19,29306606.79,27920326.78,27152783.56,26114901.22,24780841.55,24651537.48,24476493.38,24137046.02
103029603.0,West Mifflin Area SD,Allegheny,31727477.56,31194727.33,31112576.95,29196670.49,29644226.75,29369731.34,28948867.94,27941551.56,27363113.63,25774936.81,27275373.99,29937287.59,30356371.38
103029803.0,Wilkinsburg Borough SD,Allegheny,22198482.64,22031287.7,20350780.01,20425565.76,20996463.56,20047316.71,20261012.57,20005407.27,19124028.89,20501184.9,22272126.1,20737156.68,18989598.22
103029902.0,Woodland Hills SD,Allegheny,68461889.28,65707786.68,67996202.73,65679987.67,60679895.65,56861016.67,59058071.74,57014651.05,51980051.95,52931808.23,55466402.98,52014681.14,50893750.3
128030603.0,Apollo-Ridge SD,Armstrong,15261983.35,15533850.28,15528533.91,14393032.87,14122369.07,13648185.79,12897823.96,12459968.74,12788868.19,12717429.6,13279620.11,12629482.17,12075155.26
128030852.0,Armstrong SD,Armstrong,59479122.85,56821329.48,56344009.49,55355014.79,53682650.95,53714817.49,56353938.39,56860430.47,54827170.03,55371727.55,56252289.68,51436938.38,55344018.21
128033053.0,Freeport Area SD,Armstrong,22540998.14,21633356.04,20990857.71,19714642.28,19639892.99,18732687.27,18066400.43,17916875.07,16785868.05,16786862.56,16764982.24,16041831.47,15767411.15
128034503.0,Leechburg Area SD,Armstrong,9449329.04,9718560.76,10129377.39,9574894.06,9461593.91,8857815.48,9074051.3,8833117.33,8601085.58,8453364.77,8455006.68,8504554.63,7820551.25
127040503.0,Aliquippa SD,Beaver,14218021.54,14481179.34,14655144.44,12696609.27,12312704.71,12061599.53,12162021.98,11372699.71,11575360.88,11026338.84,11985649.94,10743022.8,11413576.02
127040703.0,Ambridge Area SD,Beaver,32154322.35,32491826.61,31818232.75,30652133.87,29142926.52,27868336.1,26466561.32,25631721.07,24511023.7,23101076.48,25088299.83,22967397.43,23365632.19
127041203.0,Beaver Area SD,Beaver,21020636.56,20880327.01,21309864.99,20754841.61,19857976.6,18522884.91,19200128.4,17430315.6,16899097.51,16226846.15,16643659.34,15788014.88,15313504.85
127041503.0,Big Beaver Falls Area SD,Beaver,18833874.25,19060949.41,18549869.79,18021044.93,17475024.95,17431644.6,17089334.67,16028932.89,15949451.7,15004753.71,15961470.49,16177724.92,15436040.19
127041603.0,Blackhawk SD,Beaver,25208776.96,25284262.42,25438841.57,23377399.23,22819031.5,22740412.24,24154921.49,22590643.57,22232195.99,21325462.66,22089972.01,22249993.91,21974681.64
127042003.0,Central Valley SD,Beaver,26933712.97,27121654.86,25408438.1,26093052.22,25190834.21,24199568.85,23365998.18,21418898.45,21250536.98,20286428.16,20215529.23,20568459.42,
127042853.0,Freedom Area SD,Beaver,16782545.76,16002501.45,16004728.51,15646137.44,15165190.04,14975483.39,14826590.76,14429506.07,13170007.86,12748027.59,13055972.3,12163446.09,12200491.68
127044103.0,Hopewell Area SD,Beaver,28951049.88,28927213.87,27918287.72,26928664.67,26366197.85,24484421.55,23859712.31,23841096.78,22158657.36,21437321.63,21141101.66,21771274.73,20425464.1
127045303.0,Midland Borough SD,Beaver,3910156.25,4065790.82,3538035.76,3491537.86,3457177.45,3690540.73,3968905.1,4116748.52,4024202.99,3726557.87,3923488.69,3548776.61,3463823.31
127045653.0,New Brighton Area SD,Beaver,16015743.14,16455111.74,15499009.04,14743841.88,14861908.58,14023106.9,13895600.57,14387068.01,14476157.19,13036663.18,14061378.0,13645983.45,13010476.16
127045853.0,Riverside Beaver County SD,Beaver,16193917.23,16467347.08,16468518.82,17159892.63,15636292.28,15280718.94,15138267.46,15219794.32,14390908.57,14034533.53,14388095.86,14271677.25,14119373.96
127046903.0,Rochester Area SD,Beaver,11695348.23,11988810.08,11873834.65,11627226.49,10735241.1,10557597.04,9863361.51,9659015.03,9701044.17,9377730.93,9454154.37,9752044.84,9649115.74
127047404.0,South Side Area SD,Beaver,17018440.39,16504537.5,16032901.24,15611813.54,16144429.55,16027936.22,15676556.59,15658983.33,15306409.11,14954197.56,14435533.63,14676422.58,13962036.41
127049303.0,Western Beaver County SD,Beaver,9929269.07,9766658.97,9568766.77,8801665.98,8529722.65,8439279.46,8245494.86,8041065.71,8020433.55,8300303.39,8259140.42,8983650.44,8153467.35
108051003.0,Bedford Area SD,Bedford,20193987.96,19404596.52,18915635.05,18988533.84,18388197.85,17587860.62,17875352.64,17696191.85,17462180.34,17498207.53,17071237.36,16466347.56,15201357.78
108051503.0,Chestnut Ridge SD,Bedford,12803831.78,12907553.87,13030255.05,12332758.76,12078647.18,12065101.17,12082507.21,11602420.84,11776677.98,10639785.56,11569972.07,11021491.63,10780487.05
108053003.0,Everett Area SD,Bedford,11589537.21,11313395.61,11570674.42,11203791.29,11271240.34,11551162.57,11265946.1,11444213.58,11529859.26,11024976.74,11763940.09,10806994.59,10419084.5
108056004.0,Northern Bedford County SD,Bedford,8881213.46,8501840.56,8323783.5,8403219.05,8033810.94,7987638.92,8120992.85,8267348.37,7863403.38,8395393.34,8572821.05,8000234.55,7726102.48
108058003.0,Tussey Mountain SD,Bedford,10177261.38,10018833.67,9476894.25,9619942.38,10503435.42,10047354.73,10591552.69,9757992.35,9806783.69,9471300.98,9969318.48,9706987.0,8886640.97
114060503.0,Antietam SD,Berks,13415671.75,12320206.87,13641416.99,13106107.45,12792633.04,12393626.15,11421651.8,10707277.34,10217304.57,10302145.86,10213074.69,9922275.15,9533476.7
114060753.0,Boyertown Area SD,Berks,86404721.65,82973826.7,82808543.95,79887274.21,78319094.42,74741859.74,70191353.35,66051628.32,62520652.51,61835959.13,62496602.0,59947513.74,57622020.96
114060853.0,Brandywine Heights Area SD,Berks,21951402.95,21928519.6,20926055.96,20820089.83,20122742.51,19412042.75,19106544.74,19073219.68,17900389.47,17991580.33,18770477.94,18611803.01,18571747.1
114061103.0,Conrad Weiser Area SD,Berks,33173229.14,32538438.59,32240989.67,30400577.01,30118608.76,30124202.13,28022522.67,25781438.21,25814388.18,25988163.93,26402580.77,25871743.08,25482615.64
114061503.0,Daniel Boone Area SD,Berks,41525162.84,38398291.19,37332709.25,35807255.04,35813065.55,34231869.27,35129635.14,34467186.74,33243510.56,32839690.69,33494882.53,33888248.28,32498587.38
114062003.0,Exeter Township SD,Berks,51854083.69,51514723.25,50843200.01,48116135.94,45458901.9,46005064.68,45172460.01,44695095.26,43046657.41,43248001.33,41664612.76,38886954.46,39537595.41
114062503.0,Fleetwood Area SD,Berks,32575870.12,31970076.26,31231132.15,29881675.97,29488654.24,27804679.27,27029303.13,26913029.0,25194356.27,24101245.33,25080354.56,22818845.84,21533134.53
114063003.0,Governor Mifflin SD,Berks,49881139.93,50309352.61,49550534.35,47978227.69,46819847.1,45458748.56,42957250.36,41347861.47,41514417.47,39506430.02,39127711.75,38482690.76,38069001.1
114063503.0,Hamburg Area SD,Berks,29930090.6,29100873.0,27899750.11,26669358.9,26220605.18,24825578.94,24637803.86,24776868.0,23744363.91,22713598.63,22343958.72,20968837.45,20719911.9
114064003.0,Kutztown Area SD,Berks,23621665.11,22701565.94,23112464.91,22631363.61,22468498.31,21533868.8,21097317.89,20236778.18,19661399.6,19584182.97,19179769.26,19377715.69,18806356.03
114065503.0,Muhlenberg SD,Berks,41576619.59,42148136.94,40629928.68,39487683.59,38022821.72,35990192.54,34397877.84,33118845.59,31529858.39,30463917.7,31112331.47,31228571.29,29796628.59
114066503.0,Oley Valley SD,Berks,23813003.66,22756885.11,22747862.15,22211348.29,21975793.19,20614387.2,19679020.93,19756752.05,19214858.3,19079497.15,18285472.96,18732034.33,19603057.43
114067002.0,Reading SD,Berks,159014623.39,168039929.7,158757582.09,147045895.69,143410662.0,136484009.04,125598734.92,126784485.69,130586508.17,142589146.95,138463213.15,127344964.9,121381323.97
114067503.0,Schuylkill Valley SD,Berks,27994650.72,26966183.01,26912349.49,26240898.5,25359172.65,24106697.2,23646801.38,22601574.84,22943202.59,21699797.52,21548118.46,21115207.97,20831299.83
114068003.0,Tulpehocken Area SD,Berks,21344442.28,20997201.9,20539158.93,20504677.89,19501835.11,19199929.85,19117120.29,19176568.51,18351261.29,17824442.74,17685104.22,17236789.11,16734436.6
114068103.0,Twin Valley SD,Berks,46056553.81,42836706.66,40948802.5,40350269.85,38822569.13,37255366.57,35196684.16,32733445.23,31709051.51,31395824.09,31144743.82,30400075.8,31111676.92
114069103.0,Wilson  SD,Berks,76026404.1,75088415.85,71121351.65,68124862.78,65669739.69,63372872.19,61624143.53,60138610.91,56871138.23,57414191.06,54638631.06,52413444.6,51736886.8
114069353.0,Wyomissing Area SD,Berks,26349341.1,26835645.46,26582870.97,25557861.58,24952743.49,22628966.95,21841301.97,21284152.6,20363988.75,20867313.69,20335594.5,20718792.38,20537239.84
108070502.0,Altoona Area SD,Blair,66736277.77,67319592.68,70390632.41,66102540.72,62261433.78,59575617.2,57591547.6,54202714.17,53378674.04,49903351.47,50416784.07,51201705.45,53162789.32
108071003.0,Bellwood-Antis SD,Blair,12386282.55,12034717.56,11598054.52,10951328.0,10720222.73,10440590.92,10191467.49,11820825.1,10863226.2,10009963.09,10612346.34,10043965.88,9966292.93
108071504.0,Claysburg-Kimmel SD,Blair,8418037.24,7882274.39,8244528.49,7535387.41,7180082.64,6710725.2,6554828.86,6532231.89,6672695.56,6584771.26,6851065.84,6752359.47,6583805.06
108073503.0,Hollidaysburg Area SD,Blair,34439244.83,36018580.04,33416969.16,32609114.61,31361727.1,30531883.68,29671758.48,29491859.17,29470684.59,28814219.34,30256827.2,29018563.33,28573591.67
108077503.0,Spring Cove SD,Blair,16857660.75,16048970.96,15378784.89,15475779.47,15581725.84,15474464.8,14908073.62,14203172.31,14532209.76,14057986.39,16347517.87,16610909.73,13316191.05
108078003.0,Tyrone Area SD,Blair,16445959.91,16037257.42,16546834.47,15110766.39,14215145.03,13730295.57,13760373.73,13007704.39,12970981.87,11977408.29,12730654.96,13191625.94,12089529.84
108079004.0,Williamsburg Community SD,Blair,5191508.41,4938313.68,4587001.24,4705040.13,4637239.44,4451383.86,4639753.76,4641184.62,4327255.64,4381377.3,4448708.56,4446648.33,4503723.44
117080503.0,Athens Area SD,Bradford,24951222.39,24755575.13,24550493.65,23372016.12,23553908.75,21555887.28,22097322.51,21619670.98,21201016.92,20256347.7,20978873.35,20801814.85,20423703.38
117081003.0,Canton Area SD,Bradford,10045801.3,10223473.65,9932939.58,9791209.2,9582351.7,9501511.46,9113314.82,9390328.72,9077806.39,8773178.01,9256678.85,9194501.84,9569182.92
117083004.0,Northeast Bradford SD,Bradford,9427570.1,9861480.86,9234377.65,9117842.4,9822394.63,9733834.52,8463468.7,8973868.87,8530196.11,7979633.1,7734182.12,7522288.28,7172156.52
117086003.0,Sayre Area SD,Bradford,12900838.22,13074413.3,12990597.88,12731443.27,13969315.34,13657648.53,13624540.5,13382574.46,12437201.2,11836602.64,12364751.65,11047962.8,10826366.09
117086503.0,Towanda Area SD,Bradford,18236148.26,17483472.85,17458367.1,16965882.54,15449516.84,14263744.67,13249625.39,13332517.26,13360094.07,11730453.86,12496130.05,11844348.48,11659365.52
117086653.0,Troy Area SD,Bradford,16614241.8,16324830.75,15604970.38,14915458.81,14025792.5,13542783.79,14033895.57,13505667.67,13235943.22,12827657.45,13523929.84,12694808.68,12319253.43
117089003.0,Wyalusing Area SD,Bradford,15124983.7,14511311.66,13784820.39,13471966.7,13497720.71,13387971.77,12955163.25,12995400.67,14027980.79,13497725.46,15291115.49,20626437.26,13907970.97
122091002.0,Bensalem Township SD,Bucks,106783431.86,110108562.56,105624504.11,105577860.25,107936813.3,100513765.08,97509607.54,92945579.91,88463203.54,88500692.95,85973999.85,87889606.57,91895049.72
122091303.0,Bristol Borough SD,Bucks,16780678.31,17625029.22,17251181.37,16223286.8,15961960.19,16727243.85,15810509.76,15063850.82,15354032.52,14207917.04,14420737.85,13841701.23,13531195.82
122091352.0,Bristol Township SD,Bucks,96348331.7,94898346.58,96123785.4,93443242.44,92137594.97,92720438.49,93163955.33,95690208.12,90891356.7,89496590.15,90188858.81,82823425.62,80636220.11
122092002.0,Centennial SD,Bucks,87021066.71,87817535.23,85749736.0,83271465.78,76690892.56,75500921.15,75304260.83,72424015.3,67984679.61,66835975.01,64175676.47,66027246.99,63668611.92
122092102.0,Central Bucks SD,Bucks,241375298.41,236491488.74,228638044.27,217784858.97,211454517.31,196928716.74,190008438.52,182018466.51,177140626.01,172298931.19,172726156.05,176735017.91,174065558.54
122092353.0,Council Rock SD,Bucks,168780143.42,170505532.31,169863903.17,165272632.62,159420979.93,157046402.8,151965997.31,150069159.22,147714059.05,143993991.27,146003539.34,139139861.73,139272662.01
122097203.0,Morrisville Borough SD,Bucks,16309065.54,16718241.61,16110746.83,16256423.85,14074395.14,14192795.41,12415299.29,12595943.15,13091481.68,13345557.56,13447757.07,13652584.46,13710778.01
122097502.0,Neshaminy SD,Bucks,137558133.2,126977649.69,123499377.25,126796622.01,125140291.49,123457826.31,118084464.39,118148078.3,113199280.19,114161330.04,115216858.51,114109409.69,118462062.45
122097604.0,New Hope-Solebury SD,Bucks,31011507.46,29415388.64,28820582.54,28631029.48,28791584.79,28702899.41,27226022.44,26227951.49,24976496.51,24384986.68,23545625.5,23421410.89,22659878.77
122098003.0,Palisades SD,Bucks,35042853.24,31946846.28,31596036.73,29709345.14,29593484.11,28055437.58,27200933.29,25809049.49,25481545.43,25142522.89,25170169.42,24260040.12,23908797.86
122098103.0,Pennridge SD,Bucks,99927372.68,99034868.56,95471094.55,91802373.66,89836114.22,84335979.83,83890172.83,83942389.47,80851461.98,75428367.24,71454250.16,73347104.52,72497220.88
122098202.0,Pennsbury SD,Bucks,153157678.65,150989542.77,148201208.48,143726760.02,140011184.04,135851468.13,132737052.61,135033450.5,138946866.03,141748184.71,135374764.54,138370168.08,135586285.48
122098403.0,Quakertown Community SD,Bucks,76447601.95,75215789.81,72670067.31,74234795.5,73585199.18,68953774.44,67429397.21,67007253.12,66667137.08,64762137.61,62144524.9,60014081.86,59487423.2
104101252.0,Butler Area SD,Butler,63205577.13,67131049.75,65605336.96,64551220.77,66836026.53,63841997.69,62776738.49,61661054.72,60240818.9,59529498.27,60224191.24,59142058.67,57517209.24
104103603.0,Karns City Area SD,Butler,15008285.18,15350391.56,15126276.96,14590938.94,14654138.44,14569269.69,14428347.25,13924676.49,13758646.77,13126093.23,13598393.25,12825614.9,13360332.4
104105003.0,Mars Area SD,Butler,33888323.75,33472542.81,32539197.82,32072161.81,30661931.06,30126430.27,28805003.95,27412342.98,25894615.92,25460047.42,25510664.23,24225388.37,22943060.45
104105353.0,Moniteau SD,Butler,13573667.03,13894680.66,14254451.03,13497562.34,13187257.68,12252733.14,12257533.03,12364349.12,12544662.7,11825932.74,11764636.91,11898123.81,11829643.81
104107903.0,Seneca Valley SD,Butler,89641867.07,87655367.66,85979372.45,82720620.27,80050542.35,75268743.55,71606774.91,67122890.76,64865078.22,63936774.94,66290469.7,65004633.67,63173554.07
104107503.0,Slippery Rock Area SD,Butler,24781165.46,22832495.16,22293882.97,22815257.81,20765623.72,21475638.61,20812210.64,19326404.08,20261434.41,19245930.6,19157032.82,17965967.66,17350673.51
104107803.0,South Butler County SD,Butler,22510477.55,24236158.63,23399091.7,23993617.63,21987393.49,22167498.66,21880004.71,22447565.29,21993868.59,20945879.23,20865994.47,20749804.79,19377271.22
108110603.0,Blacklick Valley SD,Cambria,6195513.93,6103427.73,6331869.0,6261903.57,6990423.02,6859184.48,6858244.94,6572606.46,6116249.03,5989741.88,6061753.87,5904273.68,5386014.73
108111203.0,Cambria Heights SD,Cambria,14525648.67,15209261.92,16517459.99,14291556.43,12553001.65,13251053.81,12947442.02,12759983.51,13009320.03,12207808.88,12556684.77,11972182.47,12155376.36
108111303.0,Central Cambria SD,Cambria,,15823024.24,16069431.03,14979414.5,14571171.52,14324804.57,14483104.14,13374041.77,12736210.24,13928032.83,13042670.18,13456482.34,13227938.21
108111403.0,Conemaugh Valley SD,Cambria,8360799.93,8367771.76,7749530.68,7178715.99,8009387.67,7488983.43,7560973.73,7786698.29,6886307.9,6737848.7,8032959.32,7382637.71,7498802.33
108112003.0,Ferndale Area SD,Cambria,7917423.46,7239067.82,7675817.51,7933016.84,7886739.64,7896240.31,7578832.78,7001106.24,6556514.52,6297562.56,6380722.28,6089844.8,6078454.31
108112203.0,Forest Hills SD,Cambria,16559367.03,16286084.74,16987768.0,17045223.27,17183642.78,16966932.17,16779213.25,17354999.59,17054050.92,15786665.23,15968399.13,15070557.45,15032452.43
108112502.0,Greater Johnstown SD,Cambria,26895599.88,26402327.97,25832962.51,26875256.43,27761893.79,31354051.99,26274164.78,25546293.89,27533637.8,25761117.07,22598671.67,22273645.56,21138429.84
108114503.0,Northern Cambria SD,Cambria,11481100.04,11168102.42,11625877.53,11128036.12,11270749.47,10545928.58,10734510.71,10700195.56,10702388.3,10498259.0,11354363.0,10606245.81,10358514.24
108116003.0,Penn Cambria SD,Cambria,15995667.14,16370387.09,15466974.36,15331995.15,14932293.17,14174239.47,14132823.78,13858160.33,13851410.59,13939211.1,13429050.17,12899548.31,12985181.71
108116303.0,Portage Area SD,Cambria,8661542.6,8274430.53,8222246.28,8298232.69,8272800.5,8367570.2,8773788.96,8330478.77,7876157.48,7876978.38,8093697.13,7818008.81,7609107.41
108116503.0,Richland SD,Cambria,14701021.67,15705373.68,15003425.71,14827721.6,14495095.09,14229683.71,14274511.13,13436084.91,12570318.21,12353282.67,11128488.77,11660499.74,13344543.79
108118503.0,Westmont Hilltop SD,Cambria,14109089.3,14570960.58,14504719.05,14370174.56,17305704.67,15063257.21,14185216.45,14470204.61,14551191.08,14001326.49,14388516.7,13706460.91,13307100.87
109122703.0,Cameron County SD,Cameron,8275773.57,8428972.89,8450070.48,8263237.08,8290603.52,8240814.4,7887972.93,8133612.2,7884741.06,7621605.73,7360853.31,7445434.52,7548310.29
121135003.0,Jim Thorpe Area SD,Carbon,35028852.78,33543669.03,29088532.14,30747404.2,31223821.32,26429468.92,25427525.19,25813822.31,24030301.84,24122668.64,23543257.19,24340041.95,20866606.92
121135503.0,Lehighton Area SD,Carbon,27839336.22,27082370.4,28918029.13,28574675.73,26708404.54,26626988.88,23424051.55,27415185.71,25018877.78,25040321.67,22723886.21,22047238.35,22101916.61
121136503.0,Palmerton Area SD,Carbon,24116369.84,22126205.88,22085844.74,20615992.51,19681163.87,19124405.87,18137095.71,17612161.04,17221781.02,19708837.69,17930459.83,18072422.36,18879700.92
121136603.0,Panther Valley SD,Carbon,17040676.96,18457461.46,17165823.31,16493891.72,16675324.82,16112574.68,16020151.28,15435073.39,16170524.01,15626554.71,14262718.92,13089685.91,12639589.59
121139004.0,Weatherly Area SD,Carbon,9535790.2,9602577.07,10049594.32,9881308.31,9194612.2,9256916.04,9280314.09,8501199.17,8350639.54,7757946.87,9050792.32,7877799.16,7069722.18
110141003.0,Bald Eagle Area SD,Centre,19952187.77,21439498.13,21131110.81,21199047.65,19538299.09,18748691.01,19365175.88,18274816.22,18239851.68,17426925.73,17912132.11,16841239.2,17201512.43
110141103.0,Bellefonte Area SD,Centre,38072760.43,39577114.19,38375187.39,35375190.95,34594925.26,33410039.05,32300419.49,30510881.53,29077595.53,28071563.21,29530552.45,27079280.28,26418737.31
110147003.0,Penns Valley Area SD,Centre,12769720.57,17340413.08,17290633.2,17075620.71,16363970.64,15896537.45,16001592.92,15016779.23,14324454.41,13720488.95,13337316.47,13911129.04,12937643.33
110148002.0,State College Area SD,Centre,107852920.84,108719344.08,100170726.68,102492476.97,95938184.44,92559036.94,87752412.99,83954467.94,83782868.4,81829996.76,82241012.14,80674818.64,77174905.09
124150503.0,Avon Grove SD,Chester,68044227.48,67567250.56,69781021.34,68467402.71,67687064.96,63406912.82,59190702.04,54558552.28,52919068.83,54150183.54,54189662.65,50900775.45,48813622.35
124151902.0,Coatesville Area SD,Chester,139781435.14,141813412.44,131445439.85,125363996.3,119477642.62,115059509.63,105563188.72,98748840.35,95506644.55,100160427.02,104632414.8,101770896.64,95284679.94
124152003.0,Downingtown Area SD,Chester,167602131.04,157583964.77,153710439.35,147875518.61,146326055.96,143425171.5,135126418.78,128832928.18,121972651.03,115606543.73,122324273.56,118441399.98,115412381.57
124153503.0,Great Valley SD,Chester,73283711.16,72141423.46,71409776.13,71194677.88,69269647.87,62753225.45,59141603.67,57067048.73,53477749.69,52650293.51,53115722.08,52086040.83,51894012.93
124154003.0,Kennett Consolidated SD,Chester,58468971.47,57041622.47,60461203.55,57466856.42,58553504.25,56426634.18,53406373.6,51375152.65,50613572.12,49683891.41,47877849.08,46457737.4,45001432.86
124156503.0,Octorara Area SD,Chester,37224823.94,35872271.98,36925986.36,34941779.79,33424048.38,32657493.41,31643523.97,31524745.69,29706208.84,29856087.33,30214651.27,29366575.65,27476835.3
124156603.0,Owen J Roberts SD,Chester,78098555.09,77003395.99,75699834.12,73490174.08,69678677.45,67526557.27,63718017.49,59778426.12,56574436.48,56485752.37,56075095.1,53012943.38,51465704.58
124156703.0,Oxford Area SD,Chester,50517479.67,49103194.53,47493650.41,44258245.44,42160571.35,42354163.8,40505666.92,40832679.33,38866666.04,36508859.41,36443600.68,35692093.32,33382025.92
124157203.0,Phoenixville Area SD,Chester,63778608.64,63402314.36,63386908.37,62329486.58,61223520.79,57656654.2,55177723.7,54734741.05,52035400.14,52622119.46,54902559.09,53989732.55,53784184.85
124157802.0,Tredyffrin-Easttown SD,Chester,114070291.75,110370312.47,105653689.49,105282445.79,98955062.05,93728609.04,89941707.68,84629344.61,81260388.02,78873165.24,79495517.22,78788626.97,73832473.18
124158503.0,Unionville-Chadds Ford SD,Chester,62418411.44,62007898.84,60807972.89,58814286.43,55927242.73,54998456.57,53247959.09,50931983.75,50104079.49,47014388.2,46872854.12,48889029.98,47095186.23
124159002.0,West Chester Area SD,Chester,165726617.22,160147270.11,164783462.68,162831479.27,160583928.86,155159243.21,147966677.54,142927292.44,137820887.36,134878068.94,135915712.46,134985357.81,135078758.75
106160303.0,Allegheny-Clarion Valley SD,Clarion,10127894.59,9671744.33,11092975.4,8776964.75,8353074.07,7628681.2,7938080.18,7835961.06,7519823.11,7764347.81,7715321.4,7221569.12,7218052.11
106161203.0,Clarion Area SD,Clarion,9497129.44,7787232.66,7519562.47,9704972.75,9463159.12,8822195.95,8696460.12,8650203.18,8348255.03,8193476.31,8264107.91,8953293.95,7770256.33
106161703.0,Clarion-Limestone Area SD,Clarion,8883508.79,9891301.51,9935344.76,9574218.8,9628209.15,9226294.79,9094906.38,8690879.08,8390554.52,8230192.27,8872483.81,8177655.92,7664202.52
106166503.0,Keystone  SD,Clarion,10296434.08,10600852.46,11103105.5,10483006.95,10275208.77,10159129.16,10292056.31,10070157.4,10077930.46,9555655.96,9726706.71,9566816.38,9467826.38
106167504.0,North Clarion County SD,Clarion,6443544.96,6639256.33,6114708.1,5709803.34,5563627.44,5598665.89,5397019.57,5275171.2,4899461.88,4876696.29,5485285.35,5116790.16,5230907.41
106168003.0,Redbank Valley SD,Clarion,10449991.38,11898504.35,11751328.78,11330037.62,11391518.87,10880018.73,10689373.66,10807979.7,10513039.53,10261011.77,11327614.57,10289812.32,10622625.78
106169003.0,Union  SD,Clarion,7615619.0,7556024.0,7645937.28,7735888.58,7262531.83,6712920.2,6770349.37,6906126.82,6696669.94,6774589.54,7029969.43,7218009.01,6954223.75
110171003.0,Clearfield Area SD,Clearfield,26822430.23,24904800.46,25219522.94,24590587.12,24279638.11,21806693.62,20809195.39,21419672.33,19779588.12,20625760.73,22503460.21,20388113.86,20737954.9
110171803.0,Curwensville Area SD,Clearfield,12097119.44,11613573.06,11116014.1,10571183.32,10072393.86,9671793.98,9620267.31,9492954.99,10592819.95,13968577.16,13457522.96,8277764.09,9114178.2
106172003.0,Dubois Area SD,Clearfield,32609237.67,36451805.21,36620074.55,36791449.13,35540762.29,34978265.91,34284396.56,35304261.54,36325893.34,34307953.88,33971761.18,32703769.12,31488623.14
110173003.0,Glendale SD,Clearfield,8781209.03,8514412.5,8459537.51,8134702.23,8164059.89,7938931.93,7697500.06,7756685.1,7698925.85,7164654.34,8001751.15,7773444.43,6958192.84
110173504.0,Harmony Area SD,Clearfield,3209068.01,3163768.49,3193058.04,3334011.9,3059006.89,3060786.21,3403949.3,3596338.62,3675321.73,3616058.91,3738538.55,3484139.18,3297691.76
110175003.0,Moshannon Valley SD,Clearfield,9394922.21,9225687.39,9629394.8,8974446.46,8795595.6,8580285.99,8381932.85,8229769.3,7396573.53,8203760.4,8293094.47,7731787.98,7596547.0
110177003.0,Philipsburg-Osceola Area SD,Clearfield,20976045.9,23034623.54,21607009.14,19801525.72,18556204.46,17496240.72,18529224.52,17022619.39,17464589.6,17876216.08,17747120.15,17261632.5,16874532.48
110179003.0,West Branch Area SD,Clearfield,10394050.5,11642216.75,11048571.52,11239523.64,10193926.55,9427022.13,9808146.13,10807136.17,10972032.02,11797911.77,10344085.88,9072929.27,9452699.06
110183602.0,Keystone Central SD,Clinton,51918756.95,49591631.93,50070883.11,51231321.0,52249686.64,48879406.21,45567979.37,43439832.84,40433620.94,39115696.92,40568066.9,40358339.24,39313775.48
116191004.0,Benton Area SD,Columbia,9421094.92,9738598.61,8952120.64,8622826.22,7591643.92,7745618.84,7432835.65,7078935.44,6795845.06,6385416.86,6938254.76,6822905.28,6395283.94
116191103.0,Berwick Area SD,Columbia,32264004.38,33333970.9,33071903.2,32118035.94,28689509.61,29469921.79,30773941.03,30998527.46,28718494.51,25886472.71,25000246.83,25999154.4,25454505.9
116191203.0,Bloomsburg Area SD,Columbia,17092254.25,19174188.98,18367627.64,17740745.77,16731883.21,15458719.43,15181257.84,14521253.42,13956376.45,13257805.33,14075229.15,13637868.28,13994019.91
116191503.0,Central Columbia SD,Columbia,21669867.6,21476586.96,21369989.94,20890287.57,19167201.97,18272359.19,17289555.42,17474063.65,17224482.03,16809993.21,16204152.94,15653474.08,15180809.04
116195004.0,Millville Area SD,Columbia,10049422.23,10846948.24,9464137.05,9316779.2,9855318.44,8855889.87,7429540.94,7256736.45,7258081.42,7523578.37,7549265.99,7324968.14,7365887.06
116197503.0,Southern Columbia Area SD,Columbia,16273370.29,14563840.67,14772092.23,14219667.3,13971773.61,13136369.47,12325886.33,12140195.58,11978598.92,11843665.37,12034458.01,11209391.68,11137135.77
105201033.0,Conneaut SD,Crawford,24197852.54,23422472.11,22875488.33,22569250.54,22309852.43,21754592.25,22547917.99,21110266.79,19268880.52,20213711.17,20812273.27,20628873.77,20168467.22
105201352.0,Crawford Central SD,Crawford,39164084.82,37232140.19,36231506.87,36040046.83,32908291.78,32809466.35,33104348.62,33430464.42,33109013.23,34535813.91,35161538.14,33732041.67,33948756.34
105204703.0,Penncrest SD,Crawford,32571786.01,29955270.13,31163124.76,31617749.94,30242509.51,30790277.38,31104993.04,30059099.91,30058643.7,29960951.72,30404024.16,31265748.16,29484436.18
115210503.0,Big Spring SD,Cumberland,37333164.17,35869986.8,34119459.68,31568650.67,30987440.83,29272499.94,29152479.76,28451066.88,27290570.3,26982112.33,26457491.19,24823853.37,25433147.39
115211003.0,Camp Hill SD,Cumberland,18030743.42,18072229.41,16227646.7,15738759.26,15062091.52,13830670.87,14159877.84,14133313.36,12555804.93,12201961.03,12096620.83,10749865.95,10556548.32
115211103.0,Carlisle Area SD,Cumberland,61531835.29,55031902.91,55441336.34,54024906.29,52664723.15,49921718.01,48340748.56,46409817.64,43126705.02,43428445.99,43526952.55,41096128.88,40464021.1
115211603.0,Cumberland Valley SD,Cumberland,103082808.69,98074069.58,96698648.24,92716617.22,85546684.04,78670492.08,75122823.82,70606760.56,66380043.32,65194853.35,65024513.45,63647748.53,61534418.03
115212503.0,East Pennsboro Area SD,Cumberland,34776140.16,30252699.8,29514748.32,27624461.93,28499932.68,26675168.24,24916674.1,24818912.08,23154030.62,22871517.24,23721412.89,22246073.78,22558298.69
115216503.0,Mechanicsburg Area SD,Cumberland,51299676.23,51675798.73,47879129.74,46414963.22,43074108.61,40771115.69,38861126.32,36377893.84,35838165.39,34742602.69,34708044.49,33389669.99,32848607.89
115218003.0,Shippensburg Area SD,Cumberland,36166681.09,34925697.22,32405404.72,32007280.5,32853855.55,30699315.74,29501025.61,28353582.16,28028174.9,27136971.78,27665601.55,26899238.9,24884898.38
115218303.0,South Middleton SD,Cumberland,29118197.43,25318137.07,24555476.52,23671148.38,24227683.6,23798887.75,23248109.27,23037807.14,21545199.99,21927799.41,21513978.41,20611113.53,18931016.65
115221402.0,Central Dauphin SD,Dauphin,148507033.42,142861083.35,140813948.0,138306120.14,129529366.36,122589308.36,118432108.95,113726012.04,105165771.46,106123929.34,105672264.79,98968377.28,99248494.18
115221753.0,Derry Township SD,Dauphin,48097930.9,45454901.24,43807554.56,42829852.51,40577625.53,38933402.18,38134810.22,36612871.53,35489272.36,35044127.13,34388132.39,33869301.64,33125790.61
115222504.0,Halifax Area SD,Dauphin,13624685.63,13636818.5,13911828.72,14617719.21,13226169.74,13167150.57,12895781.61,12190515.75,11143863.16,11356345.15,12324976.14,11635872.55,11482337.44
115222752.0,Harrisburg City SD,Dauphin,81937737.89,82716074.98,91027563.47,90005380.17,79015330.91,78785011.38,68325075.92,67410101.96,70562488.11,76346081.16,77951258.8,81983063.3,80108813.65
115224003.0,Lower Dauphin SD,Dauphin,47263869.65,45675258.87,46039080.62,44461441.92,42236941.55,41125207.1,41023280.3,37722205.37,35827597.52,35472427.52,37313489.87,35547393.46,33582108.8
115226003.0,Middletown Area SD,Dauphin,30769573.76,31876412.17,29556815.38,28630304.82,27579502.9,26570730.55,25188748.42,25518194.95,24508262.09,23226026.87,25689713.74,25037356.2,22982793.22
115226103.0,Millersburg Area SD,Dauphin,10007377.79,9408308.92,9300235.54,9810415.09,9353187.76,9913269.65,9686090.12,8982494.18,8489662.59,8536500.69,8684256.52,8062563.01,7795213.93
115228003.0,Steelton-Highspire SD,Dauphin,12941341.44,15171937.93,13522721.34,13216053.77,11570480.71,11540047.35,10800070.18,11584573.41,12363055.74,12223509.18,13459291.12,12607095.37,12591902.34
115228303.0,Susquehanna Township SD,Dauphin,41398052.88,37626649.07,38261231.27,37305490.97,35687314.95,33337874.58,33290571.38,32247986.92,30101839.75,29656081.84,28187457.27,27944186.64,26281532.85
115229003.0,Upper Dauphin Area SD,Dauphin,13943916.61,13445326.14,13568701.9,13243491.22,13333628.03,11721454.12,11717245.65,11719246.64,11055227.64,10906399.79,11155121.74,11566866.52,10956270.43
125231232.0,Chester-Upland SD,Delaware,108131569.99,100340154.9,97136993.58,94101264.0,90582590.94,88935269.24,79820814.93,96174033.51,83639415.54,59545015.91,91754084.21,65704246.83,65350989.4
125231303.0,Chichester SD,Delaware,54080021.19,53467301.96,51100245.91,48915508.49,47759697.55,47754855.38,46723633.98,44488083.86,42263599.42,42693567.93,40778521.41,41191773.61,40389311.62
125234103.0,Garnet Valley SD,Delaware,77611705.94,76370378.96,76802908.56,71614941.26,69821237.99,66956687.24,65061351.15,61923389.62,59050467.29,57568375.93,58252976.45,54518563.33,53098310.87
125234502.0,Haverford Township SD,Delaware,90881891.64,88517019.17,86935835.37,84843024.35,82524967.12,76362647.75,73977779.46,69885576.64,67563574.03,62891822.96,61238696.57,61402966.65,58595386.74
125235103.0,Interboro SD,Delaware,46024791.01,47050941.15,45837342.25,44845235.44,43870396.65,43820340.36,43279129.21,41597453.61,39739087.11,41058677.78,42493811.45,40784372.69,38744221.19
125235502.0,Marple Newtown SD,Delaware,58626732.35,56936910.55,55250878.92,52449882.46,49902019.26,49509676.54,48757725.22,46678187.38,45138246.73,44705580.87,43991446.36,41557896.09,44239544.95
125236903.0,Penn-Delco SD,Delaware,42272546.35,42677373.0,42333617.6,40859925.89,38576133.01,37975087.13,36821155.13,36006116.07,33544161.6,32442121.88,31421493.78,31106904.03,31323553.54
125237603.0,Radnor Township SD,Delaware,68399208.26,69341855.81,68853509.97,66395640.32,64573604.59,61279235.88,62003119.67,57503342.14,53945041.51,52723189.61,50805495.35,50986978.3,51373095.5
125237702.0,Ridley SD,Delaware,86846690.58,84120267.86,81324298.22,79657963.71,75932540.91,71360810.33,70984045.61,67159271.8,67012879.67,65696546.03,62445959.42,61845689.22,59916451.62
125237903.0,Rose Tree Media SD,Delaware,69005471.65,66865990.6,65803793.23,61803724.53,60398991.25,58510297.78,57744044.07,54631542.56,51813866.7,52725661.86,53535757.28,51176135.5,50518966.35
125238402.0,Southeast Delco SD,Delaware,51677587.98,50480370.91,52809292.36,51851288.61,47426077.87,44988399.7,42583502.77,40554079.27,40940766.82,40031975.03,41205323.01,40080052.77,40527340.28
125238502.0,Springfield SD,Delaware,55491039.48,54414493.86,53772980.63,53194266.49,51813855.84,47915896.53,44966159.04,45690998.26,42978373.28,42463857.86,41013130.65,39817957.88,39287044.48
125239452.0,Upper Darby SD,Delaware,131395051.39,138902014.76,137178932.32,135620851.85,132279591.63,126812729.5,118972962.29,114451715.14,112437143.63,110568844.66,110738540.78,106424960.57,104719348.58
125239603.0,Wallingford-Swarthmore SD,Delaware,61756578.0,58805438.9,56733045.35,54751423.23,52863586.21,51972420.86,50553583.31,47901902.78,46897037.69,45743317.75,44100200.03,43647599.09,41445646.37
125239652.0,William Penn SD,Delaware,69484892.89,67432877.01,67764532.63,66042642.49,63205278.51,64564087.73,61301753.84,61102213.1,59026783.74,55795618.14,58688898.77,55468611.07,53407965.86
109243503.0,Johnsonburg Area SD,Elk,6638149.08,6663847.76,6647339.6,6898526.72,7399714.59,7177800.95,7576426.76,7486744.13,7121357.41,6422766.83,6523056.68,6834502.75,6653799.45
109246003.0,Ridgway Area SD,Elk,9891356.99,9365839.44,9872187.49,9411303.63,9325642.88,9425858.14,8864887.16,8567880.49,8579541.66,8919204.96,9233662.15,9023220.56,8850744.27
109248003.0,Saint Marys Area SD,Elk,20503281.25,20488751.54,20230630.16,19738649.32,18815055.67,17704543.44,16494261.7,15700816.0,15313614.86,14678180.75,15596656.02,15464453.72,16318571.03
105251453.0,Corry Area SD,Erie,20172300.82,19296618.44,18866520.6,18492894.5,18512128.99,19192961.29,17954333.26,17570775.02,17485980.1,18098026.58,18631733.99,18455195.05,16469224.55
105252602.0,Erie City SD,Erie,112682993.43,116582111.59,109435836.4,93054262.32,107309248.92,112925874.46,110111904.13,115208927.57,100661671.88,101556326.01,116607992.29,105696077.84,100924301.21
105253303.0,Fairview SD,Erie,17665831.53,17315788.7,16822673.83,16396906.08,15913833.41,15239471.35,14871641.88,14678106.75,13958120.54,14538029.66,14838644.61,13724242.34,13419560.94
105253553.0,Fort Leboeuf SD,Erie,22790198.06,22489541.41,21480441.65,20755998.26,20566435.06,19659682.49,19328924.26,18903690.66,17445156.96,17435786.6,16650291.71,15868878.21,14883468.94
105253903.0,General Mclane SD,Erie,22911247.53,22704782.45,21862347.93,22033434.41,20090259.54,19363372.81,18134442.8,18219875.5,17283386.48,17512829.93,17615472.97,17877535.28,16550893.92
105254053.0,Girard SD,Erie,16819715.79,16602737.69,17187222.7,16216139.38,16403623.65,16007612.52,15873283.3,15255763.15,14409940.15,14665777.84,14353386.24,15840170.06,14342531.3
105254353.0,Harbor Creek SD,Erie,22730083.37,21321140.77,21094030.56,19806072.64,20326001.07,19572484.3,19230371.37,17987838.19,17715779.62,17015031.99,18130858.93,17254892.22,16657396.27
105256553.0,Iroquois SD,Erie,13241541.47,14379775.24,12815481.1,12601309.99,12373956.13,11531512.64,11702938.03,10815966.93,10560128.85,10135088.44,11185349.72,10487897.88,9973569.38
105257602.0,Millcreek Township SD,Erie,66490143.6,66208114.69,63278519.02,65127923.54,63609963.18,60896927.43,61207408.13,59724805.61,59190574.03,60223515.34,59690023.26,56694936.05,55972034.84
105258303.0,North East SD,Erie,15726252.08,15778314.41,15289384.05,14801668.51,14737796.68,14417559.39,14080660.79,13921484.33,13559711.15,13626454.2,13974212.11,14147557.11,13722996.17
105258503.0,Northwestern  SD,Erie,16689066.58,13400113.6,13157055.0,13520628.29,12641048.83,12534773.38,11638350.08,12014931.57,11363169.78,11991693.57,11545519.53,11606226.81,10975142.67
105259103.0,Union City Area SD,Erie,10469804.54,10281925.71,11310391.27,11017586.51,10540966.51,10926494.83,11034335.15,10144102.42,9596150.88,9679409.04,10534704.72,9953966.55,9973421.05
105259703.0,Wattsburg Area SD,Erie,15129807.68,15827995.21,15489904.17,14450198.6,14288712.68,13675834.51,13512989.97,13410096.12,12106710.9,12458983.93,12645250.54,12443575.33,12641445.42
101260303.0,Albert Gallatin Area SD,Fayette,31769162.98,32341996.69,32574981.31,31292983.63,29418725.73,30810723.53,30184251.66,28718490.02,29269675.42,27412033.94,28102621.48,27873308.78,28391705.79
101260803.0,Brownsville Area SD,Fayette,16844266.83,17964864.13,17398138.31,17595787.04,16092203.67,15239159.82,16058021.45,16347269.43,14206572.49,13539519.14,15538179.1,14861766.09,14651785.85
101261302.0,Connellsville Area SD,Fayette,39406806.11,41581490.66,40971699.01,40972848.6,38814937.18,40384810.43,41990128.83,44412752.79,43056880.75,42657168.69,40972663.74,42059632.2,38318290.22
101262903.0,Frazier SD,Fayette,12092180.1,11967387.44,11511138.61,11714014.42,11358240.55,10793263.61,10474449.24,10448854.15,10211931.06,10469569.0,10379267.83,10134184.4,9699976.87
101264003.0,Laurel Highlands SD,Fayette,31785874.16,32615532.78,31919471.33,30420025.14,30180983.66,29673476.7,29316254.44,27915704.49,26623341.89,26795321.13,27409649.4,25871348.39,24828203.24
101268003.0,Uniontown Area SD,Fayette,29272581.36,29938711.62,28766373.02,28405061.36,27629954.83,26379367.38,25736725.28,24567232.97,23426699.05,22175059.27,23424962.03,24207371.4,25428396.4
106272003.0,Forest Area SD,Forest,8389102.47,8716900.0,8362851.29,7683120.93,7365988.12,7190361.61,7690075.46,7565592.75,7160863.79,6980812.14,6162585.66,6199984.44,6205894.11
112281302.0,Chambersburg Area SD,Franklin,95540548.62,95599114.26,95268814.25,92251813.86,85834118.17,84374301.94,81330940.41,80482703.28,73665876.26,68484100.89,66040318.15,67453162.5,66670465.49
112282004.0,Fannett-Metal SD,Franklin,5677444.42,5883213.93,5359490.14,5387821.6,5108787.28,4895129.31,4906067.2,4748636.75,4434834.73,4613743.58,4938192.48,4554412.88,4161794.25
112283003.0,Greencastle-Antrim SD,Franklin,27794268.34,29541230.0,28914076.17,27945107.12,27417576.95,26376846.39,25884882.58,24860394.61,23969042.79,23495961.17,23791713.13,22936124.36,21828983.79
112286003.0,Tuscarora SD,Franklin,25441903.18,25209167.61,24293953.61,23235145.72,23353294.66,22687644.67,21768769.33,22695050.09,21622117.85,20683348.94,21113370.63,20637694.19,19225481.52
112289003.0,Waynesboro Area SD,Franklin,38916678.41,40058561.16,38065125.35,34449020.69,33899021.67,34372485.13,34494304.6,32771926.33,32016605.12,31067778.63,31292894.77,31063353.31,30581848.82
111291304.0,Central Fulton SD,Fulton,11888719.33,11734800.52,11269146.61,10987422.04,10539256.44,10030588.28,9923309.43,9550338.36,8640451.94,8455074.35,10551795.53,9666270.94,8903454.71
111292304.0,Forbes Road SD,Fulton,5116230.8,5202560.64,4947997.72,4852870.97,4584056.97,4384090.78,4146932.1,4451106.62,4513959.91,4491998.74,4615649.08,4520440.4,4461886.59
111297504.0,Southern Fulton SD,Fulton,8828684.6,8763347.33,8765310.0,8237109.11,7964420.64,7470475.04,7219938.7,6965387.61,6833431.41,6847063.58,6563604.4,6806335.25,6427464.9
101301303.0,Carmichaels Area SD,Greene,10531585.36,10924215.46,10771675.36,10238554.67,9946319.01,9299774.9,9309079.95,9802443.76,9510975.94,9494844.76,9523139.08,8865993.39,8815656.65
101301403.0,Central Greene SD,Greene,20811157.22,19270379.82,20213748.39,21663884.49,20902508.23,20583947.18,20648725.93,19660148.81,18817380.47,17871047.06,18331928.16,18397718.14,16365857.76
101303503.0,Jefferson-Morgan SD,Greene,9725258.6,9626390.7,9351054.47,8913533.64,8636596.27,9052423.33,8602867.2,8544804.74,8310615.48,8918015.69,9115053.67,8310101.25,7957858.97
101306503.0,Southeastern Greene SD,Greene,6845829.61,7109531.31,7058972.47,6906864.49,6947741.14,6439473.18,6507455.54,6543983.31,6619986.43,6164963.96,7305535.35,7206672.16,6487800.05
101308503.0,West Greene SD,Greene,10639171.95,10756810.3,11031779.28,11261192.43,10922927.55,10395514.31,10588859.98,10553410.41,10192363.81,9844274.44,10178697.88,7815791.08,9379151.03
111312503.0,Huntingdon Area SD,Huntingdon,19674529.59,20193736.61,18276749.35,18078890.02,17449725.63,16144260.78,15916487.47,15664774.09,15341240.56,15379486.21,15845977.75,16008151.62,15660252.04
111312804.0,Juniata Valley SD,Huntingdon,8018384.22,7519603.84,7484991.0,7432664.93,7183135.63,7049950.36,6889151.36,6844204.23,6656744.78,6612516.74,7229018.0,6782380.6,6788695.38
111316003.0,Mount Union Area SD,Huntingdon,13611982.58,13105202.61,13191998.48,12608423.26,12005365.39,11246844.38,10772994.34,10405367.99,9839827.46,9754493.01,11334913.31,10330789.89,10364656.67
111317503.0,Southern Huntingdon County SD,Huntingdon,10701810.3,10725775.92,10665228.92,9959018.49,9427578.65,9797139.36,9646284.53,9341873.87,8753616.73,9113013.17,9721863.5,9675941.43,9160192.34
128321103.0,Blairsville-Saltsburg SD,Indiana,23413141.38,22806170.19,21491869.26,20027978.67,19299786.88,19157060.42,18899391.18,18494023.5,17774875.87,18512991.69,18895746.07,17494850.07,18225477.75
128323303.0,Homer-Center SD,Indiana,11146293.78,11500267.93,10495427.85,10559680.11,10506419.69,10414260.61,10396003.84,10205944.02,9386651.75,9281466.51,9890186.63,9808303.69,9451828.1
128323703.0,Indiana Area SD,Indiana,36652033.06,37813342.53,37832842.9,38177042.22,37764054.2,36969397.74,36200117.56,36689242.33,34493743.97,34254475.24,35053228.66,32961918.04,33523102.2
128325203.0,Marion Center Area SD,Indiana,15798435.09,16358721.91,15468623.31,15417122.0,15783372.8,15346550.3,14736084.06,14551097.2,13419198.66,13541814.57,13151023.26,14327196.32,14070338.8
128326303.0,Penns Manor Area SD,Indiana,11003066.97,11180580.51,11622539.76,11334196.02,10842064.95,10467688.79,10699905.35,10569716.13,10151273.01,9882028.77,10416540.13,9936530.19,9252652.93
128327303.0,Purchase Line SD,Indiana,11268362.9,11208265.31,11412778.17,11370931.03,11014124.45,10783787.02,10494490.21,10434784.84,10491387.08,10601523.34,11006273.43,11463739.01,9636486.74
128328003.0,United SD,Indiana,13310991.92,13071402.81,13614404.19,13688891.35,14060983.98,14316485.35,13534329.91,13584198.84,13156457.71,17266792.71,13310234.92,12400551.68,12664759.01
106330703.0,Brockway Area SD,Jefferson,11035828.55,11006923.87,11150609.01,10937561.91,10134775.46,9780481.71,10016901.25,9578714.9,9482576.02,9172952.48,9251327.84,8523765.37,8437634.37
106330803.0,Brookville Area SD,Jefferson,15339007.36,15113062.13,15255860.9,14911160.04,14628293.76,13586965.79,13275957.04,13010929.35,13010181.41,12788961.19,13476759.33,13495764.1,14446938.66
106338003.0,Punxsutawney Area SD,Jefferson,24280775.35,23724258.69,24471703.35,25368026.07,25648972.1,24782707.09,24485262.5,23715315.35,22665720.6,23212521.69,22475268.19,22053186.55,22355659.22
111343603.0,Juniata County SD,Juniata,20758353.05,24456303.1,24388685.58,24543171.42,23693377.07,22515310.2,21620113.66,20931661.43,19690293.98,20088838.83,21877021.24,21141393.0,20600183.78
119350303.0,Abington Heights SD,Lackawanna,35982055.92,35021904.87,34364046.59,34353115.66,33902018.88,31643823.83,33892017.58,31536848.73,30584613.24,29680265.66,30270640.54,30448559.16,29431680.6
119351303.0,Carbondale Area SD,Lackawanna,13463395.65,14571143.85,16519224.92,17640095.02,15398537.75,13836067.35,14421743.05,14545487.16,13216464.13,13269722.16,13063253.81,12898728.05,12166439.22
119352203.0,Dunmore SD,Lackawanna,16571283.94,15952586.64,15500977.58,14379857.96,13832735.02,14314399.3,14019723.55,13341275.56,12887008.88,12364418.53,12080984.47,11799586.66,11100812.34
119354603.0,Lakeland SD,Lackawanna,16215617.9,15517839.19,15985582.12,15642768.39,14359461.09,14958379.12,14763796.76,13633177.8,13908099.71,13142402.49,11901732.65,11748414.23,11594001.19
119355503.0,Mid Valley SD,Lackawanna,19254313.9,19058576.78,19343204.64,18440970.92,16663839.34,16808089.98,15576293.86,14999181.96,14964149.87,15376082.51,14950874.79,14763982.33,13953583.27
119356503.0,North Pocono SD,Lackawanna,41265106.21,39301470.81,37156240.56,35692159.05,33558307.15,32445171.86,30425430.92,29356017.01,29676991.78,29113827.79,27492880.88,26619882.54,24891862.95
119356603.0,Old Forge SD,Lackawanna,10983201.23,10068826.19,9967933.75,10752927.12,10091908.21,9279073.05,8863623.95,8834042.12,8615347.54,8549234.37,8367248.0,8219157.27,8200763.65
119357003.0,Riverside  SD,Lackawanna,16497600.65,17500780.27,17642135.16,17904675.75,16361416.56,16091962.21,15657167.03,14529066.23,15308117.63,15502715.23,14455112.12,13291373.98,14639523.2
119357402.0,Scranton SD,Lackawanna,88711836.95,93648075.28,92306773.78,102315865.03,103962226.57,105745215.21,98664942.03,93112119.88,84749360.75,80724898.1,76980435.62,83107306.82,75916461.78
119358403.0,Valley View SD,Lackawanna,24439915.67,23676460.22,24732736.78,23209803.1,20829922.39,20634042.57,19420122.5,19597077.35,18900894.49,19035450.68,18280173.76,17158348.21,16722367.78
113361303.0,Cocalico SD,Lancaster,41813885.31,40975110.32,39252858.2,36343880.41,35043569.0,35333833.46,33290064.14,31677851.04,31434260.13,29754220.82,29735207.29,27719729.17,27645626.73
113361503.0,Columbia Borough SD,Lancaster,14981779.14,15416277.19,16408601.09,15999377.31,15185472.81,14874859.38,14721186.43,14999363.26,14123166.27,14252375.51,13702224.76,13764653.74,12898551.46
113361703.0,Conestoga Valley SD,Lancaster,52646153.43,48535117.12,48444798.75,46506641.57,45876344.61,43753995.15,41441883.62,39258229.12,36759491.98,35519609.68,34425029.99,33682269.65,33344911.02
113362203.0,Donegal SD,Lancaster,34158265.42,32574195.01,32873195.13,30860806.46,29485539.83,28116942.28,26982286.71,25470531.54,24265809.06,23911345.48,24535333.11,24751738.59,24080465.4
113362303.0,Eastern Lancaster County SD,Lancaster,37404648.67,36084350.09,36451993.23,33602933.81,31066816.79,31973598.65,30758065.91,30238184.4,28888282.71,27996180.82,34773445.79,28067559.17,28152857.41
113362403.0,Elizabethtown Area SD,Lancaster,45782907.49,46041778.36,43716091.26,43216106.37,41809621.2,38673816.96,37318472.26,36766150.94,34439760.31,33211765.61,33568419.76,31740916.1,30994694.05
113362603.0,Ephrata Area SD,Lancaster,47289384.81,47618009.99,45798556.78,44496431.6,42052889.79,40632206.45,40083762.28,38408431.26,36569459.04,37063527.45,35395208.84,34414324.36,34645224.24
113363103.0,Hempfield  SD,Lancaster,90165647.14,88040865.26,84482524.82,82707969.2,80878706.7,79928064.89,77068859.08,75294440.1,72794019.32,67993630.81,71177092.16,67792257.73,64542350.79
113363603.0,Lampeter-Strasburg SD,Lancaster,36726548.94,36091549.07,35471086.21,34536454.26,33016472.81,32892428.85,31128668.31,28895704.33,29544600.18,29588271.76,30377060.49,28875966.44,28539333.85
113364002.0,Lancaster SD,Lancaster,146092168.19,144806127.33,141010559.57,132204318.3,125244298.06,119561616.45,114861475.17,113750261.13,106455696.55,99858361.11,102896593.65,100846670.79,95285109.62
113364403.0,Manheim Central SD,Lancaster,36548785.58,36546941.13,36361405.17,33664610.98,33586021.8,32144320.48,30346874.88,28155212.53,26917411.81,27372706.35,27695395.41,26833312.84,25917270.7
113364503.0,Manheim Township SD,Lancaster,67228901.0,66338720.46,63859106.98,62609553.23,59757425.13,55482134.42,52378391.16,49540916.35,46397320.75,48965140.11,53961164.36,55795352.77,50498477.54
113365203.0,Penn Manor SD,Lancaster,57769088.71,57489025.76,57224224.07,52886858.37,52811312.53,49967018.64,48499607.43,45682279.63,42503067.84,42097867.17,42337182.56,41107630.11,39442763.2
113365303.0,Pequea Valley SD,Lancaster,24421972.89,26186675.11,24410505.69,22946030.62,22665874.79,21499925.34,20483195.46,19106065.58,19092763.62,19365738.35,17448684.9,17110153.69,16953762.62
113367003.0,Solanco SD,Lancaster,35651520.89,35904445.62,36687025.23,36110150.41,35344642.15,33763643.37,31956198.21,31722149.77,29755139.33,29518589.2,30698117.36,29646375.92,28012496.21
113369003.0,Warwick SD,Lancaster,48392044.63,44578038.75,43663039.78,43950465.21,43644043.49,43397097.15,42169632.22,40434069.1,38040205.07,37688597.8,37009978.88,36421929.37,35130426.66
104372003.0,Ellwood City Area SD,Lawrence,18647999.53,19083470.2,19353959.47,19248604.45,18646205.05,18262391.43,17846689.92,16796480.72,17593294.49,16570233.89,17655571.21,16144651.29,15666908.56
104374003.0,Laurel  SD,Lawrence,12741758.68,12901081.4,11924223.43,11180444.28,11188790.68,11444126.21,11934257.41,10892329.96,10929828.15,10495648.42,11171893.39,10500092.78,10692334.91
104375003.0,Mohawk Area SD,Lawrence,16440169.47,15208804.71,15539510.1,15456393.47,14578731.99,15574866.59,16397986.26,15415120.36,13886085.54,13146795.25,13292944.62,12902164.51,12456854.14
104375203.0,Neshannock Township SD,Lawrence,14646598.07,14205506.58,13510896.77,13225191.36,11985414.49,12437258.72,12828494.0,12200353.28,11581162.92,11216731.38,11328872.84,11368052.26,11039896.51
104375302.0,New Castle Area SD,Lawrence,31091957.37,31054266.98,30928459.58,30482188.97,28486730.65,30461906.57,29075657.67,28645112.18,27634882.09,27193219.59,27390242.03,27891731.63,27362508.12
104376203.0,Shenango Area SD,Lawrence,13249456.89,12852510.37,12829189.36,12523126.92,14015914.7,12002938.0,11498527.01,11120492.02,11272877.15,11463745.15,11130958.05,10896453.39,10839259.72
104377003.0,Union Area SD,Lawrence,8572484.59,8270617.45,8100802.45,7801144.28,7600074.2,7606074.31,7826332.65,7771682.63,7253752.97,7032983.94,7256109.21,7036990.63,7184490.62
104378003.0,Wilmington Area SD,Lawrence,13882769.68,12475769.66,12592214.7,11693245.45,12505940.43,12976745.28,12576294.52,11868353.65,10571940.4,10632694.7,11011163.35,10563103.94,9511429.15
113380303.0,Annville-Cleona SD,Lebanon,17519004.49,16587036.2,16249882.94,15278648.09,14570857.74,15395533.83,14707891.57,14706511.07,13546758.97,12943274.41,13040989.72,13503006.92,13003868.54
113381303.0,Cornwall-Lebanon SD,Lebanon,51790085.4,55234217.42,54448339.49,52703926.87,51618659.61,50437801.64,47413992.53,46281133.2,44107971.49,40590679.47,41536761.28,40648654.85,39475417.16
113382303.0,Eastern Lebanon County SD,Lebanon,31023348.0,28650202.5,27926486.82,25287549.85,26670438.89,24916060.38,23406078.52,22285582.14,21731983.43,21626130.37,21601698.07,20443777.77,19956344.29
113384603.0,Lebanon SD,Lebanon,41252180.28,42113451.08,41343031.04,40455391.0,40620930.27,39480283.49,36491925.4,36505043.04,34597911.05,32992373.49,33972507.0,31858703.4,30989254.08
113385003.0,Northern Lebanon SD,Lebanon,29068158.51,28154686.38,27874694.52,25407047.77,24607445.97,23614381.43,22491426.24,22199004.94,22343694.53,22012661.73,21687893.28,20235994.71,20457595.23
113385303.0,Palmyra Area SD,Lebanon,35374195.61,35351860.45,33057686.25,30532784.97,29754358.67,28423237.81,28249010.89,27239400.85,23383788.43,24193503.6,24633343.94,23632716.84,22889160.5
121390302.0,Allentown City SD,Lehigh,204945427.25,207387504.31,205649430.32,205223949.04,194765362.91,185486906.21,169248789.44,163588998.38,156149628.15,153997580.97,150402720.19,145663270.87,136265400.69
121391303.0,Catasauqua Area SD,Lehigh,21768635.39,21089811.69,20882309.32,20837020.25,20043538.64,19419695.13,17940219.08,17512834.47,17189734.63,17071488.4,18243204.45,17423131.18,17740404.22
121392303.0,East Penn SD,Lehigh,103216723.79,104274147.08,102315593.43,97260775.46,95586001.6,91151736.7,88175564.49,83829009.97,78994194.23,76186333.14,76742169.8,73287866.76,69329280.92
121394503.0,Northern Lehigh SD,Lehigh,22547014.37,22372190.86,23153728.83,21539255.92,19588562.39,19140634.87,18397042.7,18443984.6,17221180.48,19600709.56,18807004.26,21605828.7,18502453.14
121394603.0,Northwestern Lehigh SD,Lehigh,30542234.71,30227940.98,30538997.45,28228193.08,27310785.35,26383264.59,25713373.11,24743620.55,23903970.43,23012576.55,22632127.81,22256592.15,22864167.37
121395103.0,Parkland SD,Lehigh,136749720.47,133361053.95,124740354.48,120909624.75,114974991.4,107832126.3,102702551.76,98151056.6,92611069.44,96434172.85,93802465.81,85924596.49,83847161.3
121395603.0,Salisbury Township SD,Lehigh,23633320.34,26997273.03,27466090.81,27686919.65,24682623.53,23511172.03,22001791.2,21125544.61,20771137.43,20636851.94,20665782.43,20200190.03,19299959.85
121395703.0,Southern Lehigh SD,Lehigh,47903379.17,47145166.31,45494843.47,44289821.97,43020535.52,40903107.55,39202761.0,37068689.61,35779393.35,35678931.74,35004532.97,32543132.54,30938797.4
121397803.0,Whitehall-Coplay SD,Lehigh,51324698.61,50657919.41,49123793.14,46237533.94,44824902.09,41535400.12,40257959.12,38878964.26,40161923.24,36427224.17,36811032.16,34598686.84,33350067.83
118401403.0,Crestwood SD,Luzerne,28707499.19,27533834.56,28334731.7,27748489.24,25766427.79,25428627.69,24341615.47,22698533.59,21693258.4,21702583.34,21829663.76,20920940.91,20103254.26
118401603.0,Dallas SD,Luzerne,26172559.2,28219253.65,26902655.26,23726518.92,24298005.71,24159667.55,24384305.84,22964744.59,22071796.38,21552784.61,21807487.45,21042918.51,21215159.15
118402603.0,Greater Nanticoke Area SD,Luzerne,19307095.82,20436238.86,19324602.91,19502555.76,18674491.54,19122166.05,17427294.99,17026139.19,16019728.47,15721732.43,17429325.73,14544254.18,15148650.68
118403003.0,Hanover Area SD,Luzerne,22995660.88,22211635.47,21449520.42,20738666.6,20821728.61,20541866.22,19174768.69,19252876.24,17486615.44,16771549.49,17654386.03,17108763.59,17636469.51
118403302.0,Hazleton Area SD,Luzerne,92109611.31,92132501.34,89138365.29,89003483.79,82211743.7,82621222.99,82456160.95,76996308.32,67553478.97,72983905.34,70489004.57,63333925.36,67797954.47
118403903.0,Lake-Lehman SD,Luzerne,22414955.44,19991688.75,22027378.12,21318623.21,19961834.37,18917142.94,18315081.39,17880551.71,18143732.85,17557027.52,17333919.25,17138598.3,17755675.33
118406003.0,Northwest Area SD,Luzerne,13086334.91,13731981.91,13038495.57,12669919.52,11350650.71,11399723.39,11763186.18,12518528.32,12057326.9,11572925.57,12184372.39,12345158.25,11205717.22
118406602.0,Pittston Area SD,Luzerne,35969866.82,33911319.31,33926649.92,32620700.25,29234935.61,30455860.01,31242679.9,30537799.2,28439451.31,29167833.67,28071835.1,26496565.7,26049268.32
118408852.0,Wilkes-Barre Area SD,Luzerne,76125500.32,83400162.79,79822062.43,82243378.19,80430444.05,82861198.88,81634893.71,77310167.97,76156899.25,70176267.05,70485523.16,63800815.3,67019823.41
118409203.0,Wyoming Area SD,Luzerne,24527153.34,25510491.56,24561312.52,23869032.83,22439949.17,22720538.97,22168883.94,21373592.72,19948933.43,18086764.44,19235619.3,19061350.09,18265694.66
118409302.0,Wyoming Valley West SD,Luzerne,56703071.35,53806608.66,53883833.31,54123888.17,51569893.18,48691784.75,49328005.09,49295024.51,46392577.24,44606724.55,44835471.87,43972733.93,40402674.38
117412003.0,East Lycoming SD,Lycoming,17079203.78,16170760.43,16675773.23,16168528.92,15731969.11,15626199.17,14904187.59,14394365.62,14058042.05,14211729.74,14625700.3,13998965.57,12982906.52
117414003.0,Jersey Shore Area SD,Lycoming,29116843.56,26865893.49,27261419.79,27783689.54,27541223.0,25854691.55,25158998.95,35817800.72,25325561.43,23508123.21,23872114.82,22821750.28,22377314.98
117414203.0,Loyalsock Township SD,Lycoming,16201379.75,15949507.13,16369219.35,15562108.4,14863535.32,14619445.29,14742150.04,14100801.97,13208014.56,12888617.2,12713994.09,12370756.23,11640614.01
117415004.0,Montgomery Area SD,Lycoming,10846714.91,10469395.78,10569950.16,9916915.48,9739738.7,9362561.47,9453607.97,8974984.59,8664954.77,8078693.61,8332859.68,8727667.9,8319671.02
117415103.0,Montoursville Area SD,Lycoming,20649979.5,19494163.95,19141902.59,18310236.14,19063752.15,19077336.82,19031387.63,18294217.51,17215421.54,17295609.42,15946779.03,16286252.4,17002649.96
117415303.0,Muncy SD,Lycoming,12616892.35,12834252.75,12456103.99,12110159.45,12048192.42,11821447.62,11931710.6,11211218.01,10667876.28,9740996.0,9488942.05,9284583.54,9316239.52
117416103.0,South Williamsport Area SD,Lycoming,12802003.84,12525077.64,13187354.82,13152911.39,12437557.06,12173713.64,11991158.25,11659710.61,11082766.22,10378295.27,10636801.6,10475078.62,10550129.71
117417202.0,Williamsport Area SD,Lycoming,52951888.86,51013201.49,52226603.32,49190985.14,48687383.58,46129730.66,45331495.26,71724933.91,72157179.12,55505304.91,53538865.18,44838612.65,42994030.19
109420803.0,Bradford Area SD,Mckean,23692969.24,24702882.48,24977138.08,24085174.3,23122967.5,22472835.04,22746410.11,22368801.62,21602202.66,20870216.46,21341979.56,20756910.3,21344478.24
109422303.0,Kane Area SD,Mckean,10280959.39,10365370.91,10692122.78,10715623.9,11400705.55,11695527.11,11339783.39,11324478.94,10679778.14,10318847.8,10674582.58,10406258.59,9525844.42
109426003.0,Otto-Eldred SD,Mckean,6736080.46,7087068.43,6944206.58,7127702.04,6665063.02,6377743.89,6107443.46,6242769.79,5770739.78,5513124.73,6152284.24,6008862.79,5856792.85
109426303.0,Port Allegany SD,Mckean,9439233.21,9263235.39,9579470.29,9388837.04,8677230.32,9131896.84,8846956.97,8745816.66,8538805.93,8418248.98,8688828.03,8058355.61,7762090.71
109427503.0,Smethport Area SD,Mckean,9266155.24,8850494.29,8904059.75,9153874.38,9564697.36,9466160.47,9428370.15,9795101.96,9267229.78,8181072.02,9270681.27,9141256.74,8652479.39
104431304.0,Commodore Perry SD,Mercer,6017492.32,5809495.69,5723350.13,5781106.74,5672726.39,5708774.63,5390507.29,5252138.4,5033580.85,4883257.67,5207401.28,4912687.34,4818064.72
104432503.0,Farrell Area SD,Mercer,9970495.57,9555442.73,9806117.59,9461552.47,9553987.81,9310554.84,9663566.46,9600168.47,9353703.4,8756248.74,10453879.13,10262326.47,8877326.44
104432803.0,Greenville Area SD,Mercer,12327137.65,12431025.66,12372715.42,12252763.82,11860189.76,11806351.53,11542814.7,11287007.42,10646059.73,10310626.14,11702439.43,10932107.33,10571721.02
104432903.0,Grove City Area SD,Mercer,19795859.44,19931279.05,19437972.14,19602837.96,18658062.71,18122953.91,16788807.49,16459080.47,14538496.24,14928122.59,15616788.81,14559132.84,14092197.66
104433303.0,Hermitage SD,Mercer,21710564.06,21094728.73,20635641.89,20781685.45,20478918.52,20076496.55,19625397.98,19331666.38,18676556.23,18611453.11,18431759.99,17866300.58,17467153.4
104433604.0,Jamestown Area SD,Mercer,5949840.05,5821698.64,5790739.18,5548852.82,5401942.1,5298685.54,5303041.21,5172282.35,5151776.68,5157350.87,5046198.11,4883269.14,4699560.87
104433903.0,Lakeview SD,Mercer,12280165.14,11629983.56,11204311.29,10822438.8,10780968.66,10546337.49,10483851.8,10100318.58,9652648.07,9185036.24,9254402.67,8401977.02,8281944.8
104435003.0,Mercer Area SD,Mercer,11197000.98,10923948.15,11318465.59,11003261.02,10733487.7,10346193.94,10528909.61,9679682.11,9124917.29,9352830.79,9485322.82,9552449.93,9714034.5
104435303.0,Reynolds SD,Mercer,12605841.08,12616700.04,12842331.48,12969191.12,13057350.76,13095908.47,13033726.59,12315315.11,13099104.49,11359356.36,12085091.54,11168585.89,11208540.3
104435603.0,Sharon City SD,Mercer,21247690.98,23081759.34,22723408.6,20431213.45,18916200.73,18690779.39,17452969.36,20622413.03,17073099.25,17284264.55,17542930.31,16435091.73,16385831.99
104435703.0,Sharpsville Area SD,Mercer,10935628.11,11232286.2,10964912.1,11126305.59,11045371.24,10695748.26,10586136.49,10341329.05,10106828.13,9840277.25,10195625.48,9548000.65,9461488.65
104437503.0,West Middlesex Area SD,Mercer,9615607.61,9464871.06,9727802.09,9611986.94,9527439.08,9007343.37,9173744.62,8780711.31,8533828.12,7907815.22,7815435.05,7715114.71,7631755.76
111444602.0,Mifflin County SD,Mifflin,46498749.22,44347774.64,45130916.83,44633238.36,43582605.11,42065471.79,40854543.0,40475220.86,38785738.07,38183177.19,40439401.48,39294353.84,39235232.04
120452003.0,East Stroudsburg Area SD,Monroe,96660335.36,95724226.5,100692069.74,95222861.18,88308496.73,93056161.9,91243715.24,91268878.27,83817374.33,85889313.96,81898151.84,80275741.49,81032472.58
120455203.0,Pleasant Valley SD,Monroe,78066765.21,69437330.0,67832211.54,65309577.37,63592130.33,61969740.68,62809287.43,63814989.25,61849746.08,60838222.11,59518059.8,59146232.04,56510716.53
120455403.0,Pocono Mountain SD,Monroe,148845356.35,145843202.19,145207576.12,146301145.98,144796259.49,134833992.79,127772354.02,125391276.12,119169835.8,142167139.53,141033181.27,132287429.06,126834639.96
120456003.0,Stroudsburg Area SD,Monroe,78069219.44,72378070.59,70810160.31,65995695.57,61968430.6,64762002.45,65957876.58,65725135.38,64322448.42,64931790.08,62001511.52,61448645.68,59035393.7
123460302.0,Abington  SD,Montgomery,117740605.35,111882952.33,110470697.08,108797905.14,106475083.43,103183937.94,102940471.22,98971480.05,94622178.45,88033789.7,90108551.13,89611431.83,85565636.58
123460504.0,Bryn Athyn SD,Montgomery,209711.0,125186.0,164027.31,208531.98,76699.4,129846.0,166417.0,300278.0,293802.0,294021.38,209518.28,-5083.42,212860.0
123461302.0,Cheltenham Township SD,Montgomery,81585860.04,83464009.78,85432357.15,82333285.64,80748261.02,77858663.15,71926402.51,71054440.52,67034443.83,65215079.48,68375202.5,64916499.2,65218491.26
123461602.0,Colonial SD,Montgomery,93593712.52,92341890.74,90989091.71,88224896.71,84280026.4,77744912.77,74445827.83,72156699.0,70624812.29,69090130.89,69147289.24,68044670.47,64600523.74
123463603.0,Hatboro-Horsham SD,Montgomery,77222049.24,72554397.83,70906317.44,69601068.57,68418877.97,66808939.29,65391263.23,63330291.16,59155299.26,58882437.66,58110394.21,58970732.75,58102239.59
123463803.0,Jenkintown SD,Montgomery,12613899.61,12907639.82,12756900.75,12502235.02,12118559.61,11624415.69,11388577.44,11177806.33,10504463.42,10117517.65,10154836.99,9959830.06,10316559.38
123464502.0,Lower Merion SD,Montgomery,199147090.73,189642752.15,177179817.4,178385981.93,179046430.21,167299773.85,158967640.14,151526560.28,146079817.37,136981804.74,141142029.36,128771621.87,122320387.75
123464603.0,Lower Moreland Township SD,Montgomery,36660136.51,35859571.97,35495065.53,34696769.64,33028880.01,31963960.17,29428925.84,28614400.61,26783480.34,27680161.45,26201819.75,25682610.1,23638835.42
123465303.0,Methacton SD,Montgomery,79287625.9,75497043.76,73975159.0,71902672.11,71056216.31,66946579.95,67169799.36,66021623.47,64358988.14,62086831.66,60718161.35,59072445.86,58726613.02
123465602.0,Norristown Area SD,Montgomery,104686199.02,107388480.91,107561474.7,104927181.49,103605664.14,102086921.32,98879882.83,94142696.17,90042539.98,87165894.11,86059897.85,86821192.99,83276108.96
123465702.0,North Penn SD,Montgomery,193902516.67,190809712.88,183178334.57,174969378.53,176612569.6,168292311.54,160692037.19,154087386.88,146683180.14,141119105.98,143166379.84,140503781.07,140127666.84
123466103.0,Perkiomen Valley SD,Montgomery,77211785.48,74458971.53,73519018.34,72161953.66,68628193.68,66297070.8,64683051.65,64724753.52,64402858.17,62296808.36,59631893.82,58774724.92,56320778.02
123466303.0,Pottsgrove SD,Montgomery,45624764.24,45670449.29,45469084.19,44581121.78,44073327.85,42561743.72,42460964.3,41717510.19,40379711.9,39474191.93,38538785.66,37365760.37,35897228.56
123466403.0,Pottstown SD,Montgomery,40127974.17,42153175.73,41854331.25,41028012.69,43000062.18,39514106.29,36796521.29,38846107.44,37863858.3,37052166.13,35177059.13,35647043.53,34528231.19
123467103.0,Souderton Area SD,Montgomery,94273584.64,88187561.99,85028289.06,85277390.4,85110326.24,79954793.45,77958919.35,75266950.36,73403306.45,73644951.68,73636609.39,72132027.83,65709559.18
123467203.0,Springfield Township SD,Montgomery,39268760.55,38226658.71,37535536.69,36871564.3,35230969.79,34876493.55,33923080.98,32645545.03,30979995.3,29864035.47,29899419.16,28762275.24,29442093.67
123467303.0,Spring-Ford Area SD,Montgomery,120583763.99,114508406.68,112599813.84,105203900.36,101101445.76,98541491.83,92916191.38,89233678.19,87554218.11,83577201.13,81630603.0,82203022.6,77160433.61
123468303.0,Upper Dublin SD,Montgomery,67509450.24,68827590.81,69712710.28,64854191.56,61478524.11,58658294.59,58099666.17,55963765.65,53521578.8,53849745.63,51701699.97,50461904.84,47710091.05
123468402.0,Upper Merion Area SD,Montgomery,77146322.79,74769853.78,73517337.25,66386143.16,67238108.01,61949845.14,58293311.34,55570915.07,53256700.24,51029131.2,50766681.45,51139151.09,52242188.08
123468503.0,Upper Moreland Township SD,Montgomery,44596764.47,43571615.34,42905838.78,43427018.52,42960636.45,40166372.94,37495898.9,36135746.57,36095350.73,35471602.05,35419672.04,33874852.3,32067539.07
123468603.0,Upper Perkiomen SD,Montgomery,44382563.98,39918042.96,40999732.2,40372019.5,39415703.37,38170837.44,35926073.66,36221917.1,34477045.17,34614586.75,32405198.44,33785794.13,24667951.85
123469303.0,Wissahickon SD,Montgomery,82554418.37,80122106.07,75442834.22,75589611.93,72729121.33,72418821.29,68698231.71,64644326.66,62776301.25,61837446.32,60237338.14,61666369.1,61069642.79
116471803.0,Danville Area SD,Montour,26989154.3,27544434.89,26689481.84,26120135.99,25593616.94,27212659.93,22198680.8,21569398.25,20789869.39,21378652.58,20785769.15,21298430.5,20902161.9
120480803.0,Bangor Area SD,Northampton,36495368.05,38658166.7,38756462.48,39538874.1,36773950.09,35222936.69,34248266.61,34066061.86,32957836.96,31805379.43,31861068.54,31554274.26,29812093.25
120481002.0,Bethlehem Area SD,Northampton,205881296.64,201980127.91,198547953.84,192288966.88,182732398.21,169699561.52,161119508.07,158277316.74,143221525.74,137121659.24,136708636.2,129679880.99,126975901.27
120483302.0,Easton Area SD,Northampton,121943159.79,119252113.87,114705389.49,110329548.3,100558477.19,96094840.58,91980086.89,94475405.85,92758718.45,93862688.92,92913530.31,90138871.52,84407551.58
120484803.0,Nazareth Area SD,Northampton,67056230.3,64612782.32,61811910.65,59598871.01,57044714.51,53364859.59,50749530.24,47993682.63,46011353.8,45211326.27,44810842.67,44472825.68,37719828.56
120484903.0,Northampton Area SD,Northampton,75195899.53,75240948.21,75392399.91,71326669.92,67342719.43,63442979.96,61508975.47,59482165.65,56665363.56,56040677.13,54663930.08,56014337.17,68895455.91
120485603.0,Pen Argyl Area SD,Northampton,22016433.68,21566643.13,21536676.43,21538021.82,20768910.69,19677978.77,19225785.66,18708454.56,17844450.0,17468411.94,17639071.98,17060920.96,16179680.57
120486003.0,Saucon Valley SD,Northampton,36778435.22,34498862.19,34796691.67,33801039.85,33145171.29,31094727.25,30891425.93,28411997.86,27935677.38,28570560.56,27625651.58,27804040.21,27117650.94
120488603.0,Wilson Area SD,Northampton,26871172.01,28544630.52,28251705.93,26107673.71,25561291.54,24171567.8,24182944.66,23067567.77,21952488.06,21420455.93,21124766.74,20813269.14,20001082.97
116493503.0,Line Mountain SD,Northumberland,12245633.53,12167008.52,12036982.05,12375285.19,13166875.23,10880713.78,10974466.88,10257918.91,10329492.64,10377646.34,11441806.62,10751561.38,10096387.6
116495003.0,Milton Area SD,Northumberland,22822132.06,23360151.07,24880849.53,23852518.69,20073779.49,19400051.99,21099733.12,19531468.44,17951652.04,17417704.78,18712889.35,18014276.76,17106460.18
116495103.0,Mount Carmel Area SD,Northumberland,13952280.24,13327582.98,12913528.0,11908493.1,12552354.49,11648133.67,11832788.67,11597551.79,9937071.73,9804211.94,10649862.41,11099058.98,10022996.08
116496503.0,Shamokin Area SD,Northumberland,18796589.47,21794026.94,20347293.26,19022153.24,17982923.73,18621778.19,17077283.11,16720339.26,16497784.04,17534215.53,18763893.93,17971340.95,16279290.66
116496603.0,Shikellamy SD,Northumberland,31288202.75,31772125.57,32101442.55,31005109.54,28621308.31,28403965.63,26714088.12,26959262.04,26328341.09,25324465.38,26750480.29,26562168.84,25883207.89
116498003.0,Warrior Run SD,Northumberland,13715419.46,14213285.24,14446484.9,14752109.83,13420834.93,13993667.96,13881444.51,13779731.21,13774667.04,13047375.23,13040468.72,12839098.98,12052901.65
115503004.0,Greenwood SD,Perry,9307377.65,9316514.14,9270048.68,8848428.06,8396526.99,8115739.88,8019196.02,7795087.44,7459002.01,7142813.88,7072039.47,6950133.97,6749318.46
115504003.0,Newport SD,Perry,13509171.18,13209566.47,13284235.95,12293222.63,11737988.54,11533092.14,11395443.34,10928778.87,10365281.84,9814165.48,8971877.95,9903766.71,10831560.95
115506003.0,Susquenita SD,Perry,22055426.72,20938353.65,19821680.18,20571228.91,17313348.65,17501472.87,19203523.69,17285711.92,16359341.11,16517383.56,17828434.28,17064722.06,17572428.12
115508003.0,West Perry SD,Perry,28012596.72,26443531.47,25156007.1,23750801.7,22815540.58,23880177.56,22829862.62,21567578.4,21114480.69,20717880.89,22307716.43,21493057.92,20644682.11
126515001.0,Philadelphia City SD,Philadelphia,2136470365.5,2147767337.95,2026472346.74,1950075408.47,1845669724.25,1713907003.97,1656445767.2,1645563345.68,1761416508.68,1643310903.22,1749146564.7,1573490566.09,1526547699.73
120522003.0,Delaware Valley SD,Pike,59967193.88,59558453.46,58931293.21,57359512.28,55259590.74,53554945.02,53013869.18,51007908.2,47683176.32,47467189.38,48783780.92,48593719.27,46060510.57
119648303.0,Wallenpaupack Area SD,Pike,52908611.36,51233209.33,51826590.88,49383090.99,48593277.87,45238711.21,43980410.55,42374855.29,41580139.26,40569534.17,40434063.85,38059712.2,37728463.03
109530304.0,Austin Area SD,Potter,2871323.74,2880706.61,3139616.2,3031418.32,3056412.16,2933583.81,3161824.29,2991118.66,2832147.79,2475955.1,2657442.08,2438150.27,2411257.17
109531304.0,Coudersport Area SD,Potter,8916277.9,8558623.78,8751308.8,8744825.25,8701066.04,8328765.67,7802481.95,7768383.34,7464409.28,6995821.63,7670690.24,7664711.15,7591373.75
109532804.0,Galeton Area SD,Potter,5219473.25,5079367.88,5091569.97,4860972.31,4667027.56,4825071.84,4954281.77,5081167.67,4942366.41,4803822.66,4522891.27,4175600.7,4204605.7
109535504.0,Northern Potter SD,Potter,7072715.97,6842825.77,6470300.93,6615244.69,6415107.32,6382509.83,6437957.8,6263166.47,6194641.62,5983410.08,6563404.16,5898793.67,6164167.52
109537504.0,Oswayo Valley SD,Potter,5567087.45,5847920.34,5577757.83,5092713.33,4871105.12,5046896.28,5137208.16,5216878.56,5000631.45,4815214.6,4947257.2,4854645.12,4562966.06
129540803.0,Blue Mountain SD,Schuylkill,28987713.04,30234911.43,27678104.42,27754206.32,26498529.09,25697794.77,23792871.35,23339351.71,24263982.02,24439265.22,24030750.55,23488761.93,22333076.15
129544503.0,Mahanoy Area SD,Schuylkill,11930752.23,12491878.39,12143411.03,11789488.41,11780074.93,11648866.17,11337845.76,10927822.37,10339693.96,10127129.68,10866489.3,10184537.09,9588463.27
129544703.0,Minersville Area SD,Schuylkill,13502352.66,14610145.24,13162227.09,12883117.77,12048370.22,11623251.3,11193832.82,11107526.1,10837526.05,10377369.59,9747413.31,9336367.29,8960232.55
129545003.0,North Schuylkill SD,Schuylkill,18983015.84,19668512.89,18686544.35,18367822.58,18325429.12,17729780.79,17435729.03,17187498.43,15937002.93,15355033.07,15722048.21,14678435.92,14820635.24
129546003.0,Pine Grove Area SD,Schuylkill,15662299.61,15521311.72,15211954.5,14701347.28,14466337.45,13908645.04,13890733.52,13556713.49,13269164.19,13872910.89,14244273.36,14060855.6,13606006.59
129546103.0,Pottsville Area SD,Schuylkill,24466442.62,27049716.88,28314450.75,26264933.44,27041858.34,30941896.01,28294197.01,27209106.73,26168845.61,25363547.96,21569475.66,21837431.27,20997497.74
129546803.0,Saint Clair Area SD,Schuylkill,6965440.98,6860039.62,6346707.64,6569172.86,5999302.08,6325300.38,5880268.17,7549064.95,7657268.85,7436912.81,6652486.38,6305508.85,6225082.03
129547303.0,Schuylkill Haven Area SD,Schuylkill,13095667.99,13893660.15,13004931.37,12749087.67,12651910.96,12562594.94,11782669.03,11460821.46,11019561.5,11895294.16,11512000.72,10710297.7,11721737.48
129547203.0,Shenandoah Valley SD,Schuylkill,10351834.07,10995399.44,10826819.93,11071317.86,10507607.99,10556913.46,11071998.79,10316930.75,9674709.25,10674520.49,9511266.59,8095693.81,7951811.65
129547603.0,Tamaqua Area SD,Schuylkill,22201559.21,21816444.47,20551972.5,19688454.17,18935940.96,18526249.08,17421246.82,18620842.62,17461604.18,16547398.97,17263073.48,17355135.96,17168112.42
129547803.0,Tri-Valley SD,Schuylkill,9033234.92,8295484.56,8081582.06,9266351.69,10144367.42,9386171.19,8889286.78,8889655.33,8592956.29,8755372.2,8731368.72,7830661.15,8252264.98
129548803.0,Williams Valley SD,Schuylkill,12974710.66,11601740.95,11917663.47,11244129.83,12479813.44,12586666.08,10977470.57,9378484.28,8387486.73,9490856.38,9784842.64,8905778.76,9718335.98
116555003.0,Midd-West SD,Snyder,24231498.07,22224003.05,20796417.93,20968944.86,20143627.88,19509609.89,18534205.73,18504459.95,18179711.86,17794393.68,18660180.56,18567463.01,17428127.13
116557103.0,Selinsgrove Area SD,Snyder,29209935.34,29229004.95,29467238.24,28440418.63,26671063.61,26819736.09,26132069.92,25787455.94,23430612.56,23751351.71,24095688.29,23519468.94,22613808.79
108561003.0,Berlin Brothersvalley SD,Somerset,7618630.1,7535058.41,7314614.63,7095764.03,7173285.56,7480639.71,7153438.44,6943512.79,6772698.87,6918799.92,7231857.54,6960626.76,6640800.81
108561803.0,Conemaugh Township Area SD,Somerset,9412174.89,9558489.58,9617458.7,9708114.12,9258480.1,8989705.41,8939985.11,8715039.88,8385403.92,8586077.22,8724017.45,8639769.03,8582622.47
108565203.0,Meyersdale Area SD,Somerset,9618883.9,9441299.7,9172941.36,9379170.98,9393308.73,9273307.35,9036011.16,8842686.91,8316121.03,8360347.84,8689279.69,8742405.46,8377991.77
108565503.0,North Star SD,Somerset,11453639.38,11354675.75,10962568.48,11337854.0,11636459.3,11439435.07,10837226.4,10769706.24,10325926.0,10273667.39,10328193.12,9641406.14,9656561.32
108566303.0,Rockwood Area SD,Somerset,8897875.27,8725807.38,8468972.56,7991960.56,8184673.86,8224287.41,7721498.16,7863816.41,7432380.02,7003596.69,6863538.83,6224580.52,6282491.6
108567004.0,Salisbury-Elk Lick SD,Somerset,2651879.39,2938985.84,2817401.71,3043382.46,3002362.79,2793233.54,2631477.4,2663811.96,2860430.93,2503401.3,2506354.95,2228322.69,2261305.68
108567204.0,Shade-Central City SD,Somerset,5528696.71,5496521.85,5477644.46,5655359.8,5422373.7,5409834.7,5289237.65,5510382.71,5292436.5,4762003.78,5271470.2,4720185.57,4821743.44
108567404.0,Shanksville-Stonycreek SD,Somerset,4557456.67,4506301.51,4286621.1,4451425.37,4257459.34,4305790.77,4362366.93,4385394.62,4169848.72,4059867.21,4076240.67,3887230.73,3646038.02
108567703.0,Somerset Area SD,Somerset,23783275.71,25010827.2,24389629.71,24612947.74,23914426.36,25163678.53,22702964.73,22243561.94,20857261.73,20603710.27,21241085.43,20224940.48,19995206.5
108568404.0,Turkeyfoot Valley Area SD,Somerset,3910941.87,3837954.34,3708706.49,3742830.33,3418882.56,3296815.2,3412301.47,3158494.11,3154330.72,3058752.55,2990061.15,3063134.42,2850013.5
108569103.0,Windber Area SD,Somerset,10603033.01,10719265.15,11081097.59,11378393.92,11586592.46,11352680.49,10645931.57,10088936.22,9566861.84,9819358.01,10690685.2,10181659.63,9630653.8
117576303.0,Sullivan County SD,Sullivan,11120130.38,11414489.93,11238415.62,10539059.15,10279686.22,10077331.99,9802963.88,9735632.74,9268595.15,9090415.28,9233402.4,8733224.77,8690003.58
119581003.0,Blue Ridge SD,Susquehanna,12464270.21,12424909.1,13214039.16,10540120.79,11203046.6,9711655.26,10158335.84,10617388.87,9784822.44,10533471.48,11276239.03,10295255.74,10342269.64
119582503.0,Elk Lake SD,Susquehanna,13953940.13,13320508.93,13596739.63,12995737.99,12794500.85,12613685.6,12301626.13,12660072.35,12211483.95,12211816.02,12124944.97,11141464.24,10860296.57
119583003.0,Forest City Regional SD,Susquehanna,10264046.21,9899939.21,9633249.14,9998288.96,9053242.35,9092282.28,8833940.88,8766480.46,8403511.51,8489587.24,8491167.17,8023583.19,8078265.94
119584503.0,Montrose Area SD,Susquehanna,18042551.57,17296849.94,17411460.71,17770545.16,16484531.41,17005047.24,16738164.33,16283836.45,16315620.18,15907912.95,16768479.27,15522920.73,16305543.09
119584603.0,Mountain View SD,Susquehanna,15025609.86,14602497.98,14599299.12,14371956.27,13625481.65,14390097.64,13003667.04,12160500.71,11303522.99,11152074.19,10692578.0,10735958.53,10668889.57
119586503.0,Susquehanna Community SD,Susquehanna,10370788.7,10803266.28,11369960.45,10636626.69,10050171.16,9919184.42,9582489.71,9595278.39,9098859.82,8400342.87,8544555.45,8524266.63,8259264.34
117596003.0,Northern Tioga SD,Tioga,22700772.65,22067197.69,21311533.6,20844853.27,20416711.17,19941767.66,19656347.13,19470943.39,18906241.51,17395250.31,18658447.5,17916558.34,17405185.83
117597003.0,Southern Tioga SD,Tioga,20670407.32,19768331.04,20228284.4,19619760.56,17970793.81,18433495.15,17664694.71,19017937.73,17609201.29,17236620.93,17247392.01,17457568.85,18716448.26
117598503.0,Wellsboro Area SD,Tioga,17572201.12,16450020.92,16648437.9,15908729.79,16785372.67,16641485.52,15831346.99,14652258.76,14179256.25,13581465.9,13633571.71,13500102.49,13837905.85
116604003.0,Lewisburg Area SD,Union,23611905.54,23855818.99,24093177.79,24055089.52,21379094.96,24481920.94,21546480.57,21358562.71,19549541.48,19877684.01,19790528.13,18286199.07,17890349.61
116605003.0,Mifflinburg Area SD,Union,23512944.54,22461028.27,21900937.27,20028036.48,20251390.93,18719473.57,18463196.01,18550405.3,17482232.63,17489347.85,18837815.87,18156494.47,17180002.33
106611303.0,Cranberry Area SD,Venango,11834486.72,13087425.48,13944344.5,12242197.24,13067955.86,12258271.87,13351925.92,12545268.76,12294832.96,12633193.45,12747580.87,11458360.05,12011998.47
106612203.0,Franklin Area SD,Venango,22480415.3,20730473.95,20375292.49,19638566.07,18253784.25,18842342.06,18934406.69,19141890.63,18135871.64,18853499.31,19006065.63,18925302.38,18107397.18
106616203.0,Oil City Area SD,Venango,18411047.33,20302762.75,19537356.36,19653979.36,18692660.35,18257926.77,17940479.69,18382334.95,18360941.6,18598286.64,18313961.98,19854645.94,18982984.72
106617203.0,Titusville Area SD,Venango,19226291.75,19787431.71,20022589.2,20293804.2,20388510.6,18772105.53,18398749.82,18002020.1,17978402.68,17547830.5,18688732.68,17840371.96,17488184.9
106618603.0,Valley Grove SD,Venango,9901532.79,9570234.9,9664025.64,9107779.4,8702981.75,8501210.7,8742711.28,8826312.03,8441465.61,8503117.18,8571462.0,7960821.88,8156613.11
105628302.0,Warren County SD,Warren,42137341.97,42790670.29,44689551.89,44280205.91,40466052.85,46352589.99,39419857.05,39731983.99,39918576.36,42508667.97,46856914.77,45530548.19,44153523.16
101630504.0,Avella Area SD,Washington,7383529.58,7514335.91,7284973.67,7166264.51,6869438.66,6904258.96,6702539.31,6288415.61,6373892.71,5934908.59,7011847.65,6970155.85,6701959.47
101630903.0,Bentworth SD,Washington,11551440.5,11536789.45,11646399.49,11277520.57,10853373.78,10542112.01,10436700.13,10445920.24,10307499.96,9915314.52,9951203.77,10098753.94,9428398.26
101631003.0,Bethlehem-Center SD,Washington,,13231942.27,14250139.82,13843401.47,12645672.43,11653530.51,11661541.37,11327784.0,10976036.25,10515165.44,10962855.1,10820022.41,10167399.89
101631203.0,Burgettstown Area SD,Washington,13919594.02,13694494.33,13480909.62,13123140.93,13043347.0,11803586.57,12092512.08,12141770.39,11450487.1,10794622.8,11317851.51,10833588.71,10381477.04
101631503.0,California Area SD,Washington,9813599.1,9408846.92,10080615.58,9477528.35,9109926.65,9106525.78,9008257.71,8878553.69,8801330.15,8506363.43,8952314.6,8613011.14,8652756.07
101631703.0,Canon-Mcmillan SD,Washington,54001495.82,53595798.03,52987021.36,49940986.55,47484261.92,45551759.24,44171015.39,42225903.94,40852572.86,39324747.08,40006591.39,37799068.47,37023760.6
101631803.0,Charleroi SD,Washington,14938886.24,15098187.75,14195525.82,14034684.91,14400018.59,13558618.02,13144257.77,14318460.87,13052853.49,12979512.23,13246837.48,12952119.95,12779375.97
101631903.0,Chartiers-Houston SD,Washington,13456222.9,13270624.84,13261399.17,12629136.12,11683141.34,11453216.32,10957069.09,11498809.26,11570563.25,10697663.6,10216821.42,9770140.17,9386500.61
101632403.0,Fort Cherry SD,Washington,12681976.2,12661307.09,12476088.05,12030718.01,12627165.78,12084866.77,12151723.97,12001872.95,10730466.26,10676649.94,10714258.07,10594721.97,10177022.87
101633903.0,Mcguffey SD,Washington,20609243.17,19935910.71,19489733.24,19733455.58,20981642.15,20226351.46,19344001.4,19100732.58,20211126.54,19134520.76,18749034.42,18153621.71,17317447.57
101636503.0,Peters Township SD,Washington,48202120.7,45970001.78,45844538.68,44869893.63,43359027.11,42110894.21,41312331.57,42233087.79,37338313.24,36498825.89,35801466.11,34592571.97,32382586.79
101637002.0,Ringgold SD,Washington,27957583.44,27228153.94,27342261.6,27696671.46,26448795.0,25655057.6,25604184.5,24807992.09,24853487.04,24950263.15,24596445.29,24563859.69,23875815.17
101638003.0,Trinity Area SD,Washington,39308708.89,40224236.02,38423702.71,36775001.45,35891700.12,35015887.83,36355946.02,31439575.79,33210252.75,30557045.1,29558125.86,28071415.68,27450375.22
101638803.0,Washington SD,Washington,16704491.83,17328841.61,17326806.55,16512128.02,15324550.92,14613841.39,14941746.69,14465690.25,13721252.26,14324455.73,15631599.74,15440996.35,16149094.46
119648703.0,Wayne Highlands SD,Wayne,39321776.79,38687239.68,38036445.27,37147257.78,35661755.88,34283191.98,33091677.0,31442146.61,29865954.52,29063047.46,27675992.08,27484474.21,26403123.55
119648903.0,Western Wayne SD,Wayne,29246481.1,27316730.04,27757793.18,25811605.31,23652688.62,24279102.53,22718012.74,25449241.03,24413422.46,23282130.6,22569718.12,20073509.77,21837491.19
107650603.0,Belle Vernon Area SD,Westmoreland,24448154.55,24429005.5,25072135.18,25271712.55,24770347.34,26386959.04,24488668.15,24299931.23,22807119.3,23106296.34,25056658.83,21490710.81,22914551.23
107650703.0,Burrell SD,Westmoreland,20851477.43,20397575.8,20084461.98,19761391.04,19303582.83,19098545.61,17809663.58,17373769.24,16721442.81,16488337.71,17357922.78,15796869.41,15798053.95
107651603.0,Derry Area SD,Westmoreland,21524587.24,22249129.14,22092930.51,22097498.56,21356217.78,21393563.44,19648206.72,21184283.91,21014328.42,22279425.1,29539676.2,22866759.36,18657617.84
107652603.0,Franklin Regional SD,Westmoreland,43886721.49,42339561.93,41166789.96,40312925.58,39631685.42,37629136.5,35986231.04,36819553.93,34386066.64,33078119.35,33129551.94,30166759.24,29966857.28
107653102.0,Greater Latrobe SD,Westmoreland,39679073.91,40228718.5,37646140.83,37138707.39,36837038.9,36955985.85,35212726.76,33935847.24,32049189.31,31196551.1,32263123.21,31784077.23,31145077.42
107653203.0,Greensburg Salem SD,Westmoreland,28977768.86,30163570.65,30035735.94,28928739.45,28781407.49,28412282.85,28066626.03,27950805.62,27629621.26,26590207.06,28009614.54,25644711.14,25680242.23
107653802.0,Hempfield Area SD,Westmoreland,64488731.32,63563955.9,65172641.66,64131631.44,64036104.12,61975403.93,59160512.41,57536008.23,56055185.74,56693828.83,57512309.59,54249774.88,48789459.55
107654103.0,Jeannette City SD,Westmoreland,11590275.99,11007363.04,11192330.09,11211890.05,11898297.37,11649893.9,11175304.89,11086368.17,10234432.11,10041257.26,11652509.26,10718472.02,10583878.53
107654403.0,Kiski Area SD,Westmoreland,37658456.64,37216328.21,36524172.09,35755948.55,33816328.92,34866628.67,33506116.55,32644832.82,32393610.59,31161117.96,33587059.16,32671387.91,32434374.32
107654903.0,Ligonier Valley SD,Westmoreland,18073061.28,19082059.38,18483097.84,18707065.29,18660918.05,18144395.53,17323044.28,15990295.97,16462548.82,15664520.43,16563471.49,17446722.26,16561154.09
107655803.0,Monessen City SD,Westmoreland,9679188.39,9911952.1,9919316.59,9517765.58,10272315.48,9684224.72,9438596.67,9166923.72,9787762.95,9688637.06,10196669.97,10131455.21,9213437.42
107655903.0,Mount Pleasant Area SD,Westmoreland,21293569.91,21381516.51,20887106.35,20751779.98,20740521.27,20697113.24,20125623.29,19943371.18,20033854.49,20321823.57,19748914.55,18570421.86,18728004.39
107656303.0,New Kensington-Arnold SD,Westmoreland,21008286.91,22798412.26,22149395.09,22129925.66,21657813.11,21416921.85,20480653.43,20748058.34,20499909.38,19537567.38,21928802.2,21255939.92,19649934.05
107656502.0,Norwin SD,Westmoreland,52145067.2,46503671.93,45160543.69,45548107.28,45001646.17,44617995.63,42343044.62,41077888.8,40587059.15,39933758.06,38435460.53,37093964.65,36059954.71
107657103.0,Penn-Trafford SD,Westmoreland,41000302.47,40220999.49,38961846.69,38026020.57,38017550.46,36879686.68,35485923.61,34310782.98,34763803.21,33269136.92,33354378.46,31479667.2,31675109.63
107657503.0,Southmoreland SD,Westmoreland,19502160.11,18704012.43,19249956.08,20432842.74,19423742.18,18408434.86,18069433.82,17507650.11,16949076.34,16663105.89,16847335.24,17309629.76,15881850.68
107658903.0,Yough SD,Westmoreland,19545125.3,20547148.18,20327394.35,20467545.91,20698068.49,20159503.47,19807790.24,19214593.11,19176061.01,17873528.52,18205704.39,16377361.65,16591949.19
119665003.0,Lackawanna Trail SD,Wyoming,14121205.18,14296211.67,14621833.84,13934836.09,14699421.66,14661493.9,14792241.44,14026110.78,13247559.8,12780617.79,12903053.49,11553100.09,11696155.89
118667503.0,Tunkhannock Area SD,Wyoming,32979543.74,31818991.31,32936139.19,32687531.95,33247914.94,34537481.47,29157706.84,28397661.05,27714020.21,27274283.4,27257620.12,26644376.46,25746160.28
112671303.0,Central York SD,York,66752776.92,65010343.47,63876116.8,62188054.91,61107452.73,55515644.3,54455081.91,53487285.08,53634639.32,52619854.04,51360698.32,50064231.16,46765717.93
112671603.0,Dallastown Area SD,York,79185288.09,78743814.18,77780697.16,75181965.28,71737324.11,69386813.25,68609426.26,66843664.5,65854833.58,64133159.58,65619618.52,62143402.85,58403247.2
112671803.0,Dover Area SD,York,44381960.11,41476933.07,40043868.43,38952607.35,38532905.16,38618485.9,37460308.47,37601798.84,35055352.16,34005634.94,35762578.8,31625103.46,32338332.32
112672203.0,Eastern York SD,York,30988278.05,29852742.41,30602739.54,28338646.01,28722075.06,28464038.64,28332389.26,26794049.3,26347585.88,25620999.43,26678067.67,25259689.14,23677079.75
112672803.0,Hanover Public SD,York,24263884.5,23011925.96,22221819.5,22297991.76,21400064.63,21093260.74,21224875.51,20462505.75,20232798.73,18875850.88,18583131.24,17789287.85,17247788.73
112674403.0,Northeastern York SD,York,48855130.51,48044724.17,46427399.84,45258956.22,43362601.07,42189163.87,40768151.0,39803683.63,38667948.51,38291276.79,38846491.89,36410762.0,33201183.43
115674603.0,Northern York County SD,York,35086678.88,34966100.71,33852187.85,31744956.64,31114670.79,32203041.24,29404561.53,28855761.07,27089475.93,27153756.03,26172477.5,25432795.42,24938873.69
112675503.0,Red Lion Area SD,York,56956095.27,56684658.18,56870595.5,54443243.34,54853902.53,54510616.83,53299303.56,55187792.61,53473038.66,52855336.26,54152666.67,51452262.38,49695118.72
112676203.0,South Eastern SD,York,40129261.36,37988657.04,36056962.1,34945471.03,32927359.74,33177672.05,31608115.6,31611503.26,31200245.19,31991508.24,32719606.79,30881324.68,29612265.66
112676403.0,South Western SD,York,54869605.53,50427736.82,49799983.58,45936724.65,42984379.47,44045506.52,41912320.59,40766564.23,39810239.91,38529713.49,36485319.67,35232554.87,33289821.94
112676503.0,Southern York County SD,York,37009813.78,36325833.24,35759534.52,35864954.49,35678524.6,34869699.32,34102438.2,34102576.5,32922066.23,31154993.96,31568333.55,30065034.58,29887802.32
112676703.0,Spring Grove Area SD,York,50595024.22,46983624.24,46988569.41,43934896.19,42939665.3,41436044.53,39326249.9,39152332.52,36336957.5,33875877.9,34170782.47,32341086.51,31964380.56
115219002.0,West Shore SD,York,87211047.07,88552678.01,84367977.75,78525019.01,71240260.05,68513938.22,66642365.56,65058081.1,65213127.28,67671961.35,66178291.2,64078264.78,61857003.47
112678503.0,West York Area SD,York,46366546.28,44629895.78,40207981.77,37064427.95,35215387.98,35250410.09,34476492.86,33650886.63,33722300.96,33107017.52,31139520.44,29450246.62,27588917.4
112679002.0,York City SD,York,93405506.86,98952731.67,95582801.73,91930381.11,80104717.5,74735946.66,71384829.94,76107199.6,72926482.01,76844767.16,77632715.16,71194340.93,64260227.02
112679403.0,York Suburban SD,York,45059353.96,40726645.59,40869859.95,36912088.23,38273805.27,36425828.2,35829254.33,34801579.61,34476742.27,34332154.64,35431617.85,34764878.52,33391103.62
,,,,,,,,,,,,,,,
,,,20779386083.779995,20578874577.970005,20152580291.86001,19564584861.210014,18904981758.899994,18250336855.19001,17643087049.140003,17291436074.660007,16794162117.50999,16454271264.86998,16677875864.470005,16071243265.56,15626371512.909992
,,,,,,,,,,,,,,,
,,,,,,,,,,,,,,,
127041903.0,Center Area SD                ,Beaver,,,,,,,,,,,,,15007226.06
127045453.0,Monaca SD                     ,Beaver,,,,,,,,,,,,,6419337.58
