AUN,School District,County,Tuition to Other SDs in the State,"Tuition to Brick & Mortar Charter
Schools:
Nonspecial","Tuition to Cyber Charter
Schools:
Nonspecial","Tuition to Brick & Mortar Charter
Schools:
Special","Tuition to Cyber Charter
Schools:
Special",Tuition to Nonpublic Schools,Tuition to CTCs,Tuition to Higher Ed and Technical Institutes,Tuition to Approved Private Schools,Tuition to PRRIs and Detention Centers,Tuition to Other LEAs
112011103.0,Bermudian Springs SD,Adams,162214.91,511570.08,1173799.76,97441.92,314146.82,,206166.0,,,119711.71,
112011603.0,Conewago Valley SD,Adams,177719.37,505307.28,1438123.73,203614.16,612953.78,,203114.0,,51260.55,,
112013054.0,Fairfield Area SD,Adams,198863.34,265558.12,598865.99,10859.59,34788.99,,112792.0,2800.0,,62716.89,
112013753.0,Gettysburg Area SD,Adams,189406.1,1944614.79,1185730.73,606876.7,472353.03,,313232.0,,6601.5,36657.43,297849.63
112015203.0,Littlestown Area SD,Adams,278628.55,374056.97,958999.88,121478.28,548525.92,,182720.0,2250.0,130065.51,540070.12,
112018523.0,Upper Adams SD,Adams,372504.54,730184.36,675566.58,250819.44,169855.75,,259869.0,2550.0,,56926.51,270807.58
103020603.0,Allegheny Valley SD,Allegheny,29050.0,,311167.44,,328189.56,,143087.43,,671887.88,151564.2,
103020753.0,Avonworth SD,Allegheny,51758.93,80373.96,107994.11,145306.04,89493.96,,367566.0,18000.0,67463.0,234168.75,
103021102.0,Baldwin-Whitehall SD,Allegheny,,505759.44,997175.3,0.0,0.0,,930024.04,,987351.17,64272.25,47016.69
103021252.0,Bethel Park SD,Allegheny,82414.55,362284.52,604895.56,217679.6,615170.6,99596.89,718068.39,,1054043.83,9525.0,
103021453.0,Brentwood Borough SD,Allegheny,119559.94,159061.41,477226.81,193069.86,360805.17,22620.0,321949.95,,220561.44,31991.75,
103021603.0,Carlynton SD,Allegheny,9540.0,404170.24,558513.16,142517.92,355296.72,444108.65,442662.9,,252599.29,13.08,
103021752.0,Chartiers Valley SD,Allegheny,18360.0,312989.95,346181.13,140117.53,159093.84,1990.0,860120.61,,844399.16,44643.9,309112.68
103021903.0,Clairton City SD,Allegheny,57004.63,1283275.85,186732.63,694631.74,100636.76,,227286.96,1200.0,239818.95,220881.4,
103022103.0,Cornell SD,Allegheny,2833.0,204541.0,360136.0,81931.0,144256.0,,209213.0,,167961.0,324057.0,
103022253.0,Deer Lakes SD,Allegheny,70452.65,,440783.33,,247087.3,280025.36,847291.93,5912.0,440680.67,1871.32,144933.67
103022503.0,Duquesne City SD,Allegheny,4159547.0,2325819.0,212283.0,1514664.0,448204.0,337025.0,134413.0,,156305.0,18.13,
103022803.0,East Allegheny SD,Allegheny,,3071337.0,1395024.59,0.0,0.0,3900.0,463776.21,,504995.39,286593.69,309024.87
103023153.0,Elizabeth Forward SD,Allegheny,31554.74,39204.36,598795.9,0.0,298756.06,,529895.29,,124086.75,,8176.0
103023912.0,Fox Chapel Area SD,Allegheny,94013.86,150793.67,513025.75,232304.8,510077.93,220442.43,644137.92,,821735.72,,
103024102.0,Gateway SD,Allegheny,188374.41,1405441.36,794421.95,901211.74,764075.23,897452.8,797071.62,,650345.99,30970.57,70985.57
103024603.0,Hampton Township SD,Allegheny,89535.9,15485.68,557289.97,76295.65,235502.1,,753754.26,,419351.49,12054.24,
103024753.0,Highlands SD,Allegheny,203149.0,339343.0,1219418.0,140928.0,506421.0,1457105.0,355457.0,,342272.0,,3.0
103025002.0,Keystone Oaks SD,Allegheny,19000.0,500906.0,502768.0,94848.0,206208.0,610777.0,504602.0,,148191.0,2324.0,
103026002.0,McKeesport Area SD,Allegheny,219288.0,5273738.0,950973.0,3801364.0,685471.0,,,,656218.0,380615.0,
103026303.0,Montour SD,Allegheny,123737.89,545002.38,522219.65,245189.56,462570.89,601521.92,917067.57,,274165.63,0.01,63718.0
103026343.0,Moon Area SD,Allegheny,53884.65,,662546.85,,715352.24,264771.9,662407.22,,716748.56,54838.35,2254.0
103026402.0,Mt Lebanon SD,Allegheny,6666.2,29836.86,552304.71,88649.9,27120.36,523668.23,363170.97,,410527.95,18000.0,28323.0
103026852.0,North Allegheny SD,Allegheny,,453668.15,1345749.55,202139.72,396899.67,768348.35,1159327.12,,878295.01,64400.4,
103026902.0,North Hills SD,Allegheny,103497.0,177245.57,447382.45,370434.14,456186.91,,999788.0,,1243147.18,,668231.22
103026873.0,Northgate SD,Allegheny,46614.0,622250.0,675501.0,162242.0,84859.0,4122.0,625705.0,27900.0,577393.0,158304.0,87258.0
103027352.0,Penn Hills SD,Allegheny,648403.04,7005058.78,1952708.89,5525599.58,1558502.44,756665.4,488633.78,50511.1,1333131.58,386947.24,
103021003.0,Pine-Richland SD,Allegheny,,50733.0,449935.0,53041.0,332392.0,,683023.0,,1397440.0,4073.0,330950.0
102027451.0,Pittsburgh SD,Allegheny,2716690.87,77403382.42,15225545.59,16943750.76,4432710.57,,,10613.0,3656385.18,72220.83,961465.88
103027503.0,Plum Borough SD,Allegheny,147112.98,252630.35,585231.43,173063.38,392586.79,,802531.86,,532641.78,109440.89,309417.44
103027753.0,Quaker Valley SD,Allegheny,18360.06,207744.24,279774.83,71916.54,119453.37,,235024.85,,254365.92,17950.0,
103028203.0,Riverview SD,Allegheny,,280994.94,292579.06,0.0,0.0,,144440.0,,390869.0,119348.0,15500.0
103028302.0,Shaler Area SD,Allegheny,94575.0,241115.51,1601941.67,590146.54,825002.33,506710.51,1494093.01,,615894.43,156668.61,195078.5
103028653.0,South Allegheny SD,Allegheny,887917.01,464699.0,345366.74,412541.96,451729.0,,433434.45,,771075.89,,
103028703.0,South Fayette Township SD,Allegheny,,87045.91,411564.16,46062.86,234066.22,494418.28,594165.0,2549.71,296692.91,17502.72,4432.5
103028753.0,South Park SD,Allegheny,61533.0,129157.1,509131.13,228405.64,340693.62,435430.63,445036.09,,299132.33,11468.5,
103028833.0,Steel Valley SD,Allegheny,50891.0,2660545.99,878304.0,2605510.87,1207208.0,602840.11,239571.39,,453080.25,65891.39,
103028853.0,Sto-Rox SD,Allegheny,209464.72,4718490.67,1572830.22,1040070.14,0.0,378680.22,211910.81,4393.0,1016058.89,43886.32,
103029203.0,Upper St. Clair SD,Allegheny,,55243.94,190639.73,90415.2,38601.43,729574.53,275859.85,,319544.92,,22578.25
103029403.0,West Allegheny SD,Allegheny,22046.2,215814.72,404042.25,0.0,229352.67,452702.78,713134.08,105122.11,202081.1,200964.26,
103029553.0,West Jefferson Hills SD,Allegheny,13400.0,128233.88,369421.6,45065.7,147033.72,129420.49,522902.2,72000.0,157114.79,,
103029603.0,West Mifflin Area SD,Allegheny,42373.27,771260.23,771260.22,469180.42,469180.41,,565444.44,,923734.89,10.08,830963.7
103029803.0,Wilkinsburg Borough SD,Allegheny,3199988.34,4476989.91,1050158.12,3687478.79,809446.56,,10169.23,,557748.25,206131.71,360811.6
103029902.0,Woodland Hills SD,Allegheny,326516.38,7363875.68,4832481.15,9145055.36,2527824.6,215610.05,557099.04,,1863395.02,98370.45,
128030603.0,Apollo-Ridge SD,Armstrong,70550.59,,704869.1,,250740.8,407564.33,918514.58,,,,317775.18
128030852.0,Armstrong SD,Armstrong,3154123.78,,1648126.11,,1527607.95,,5477233.44,,459106.3,77598.42,
128033053.0,Freeport Area SD,Armstrong,157372.0,,460009.0,,164346.23,130830.22,808037.09,,294559.35,150168.89,
128034503.0,Leechburg Area SD,Armstrong,21345.0,,375523.31,,248381.97,53685.66,339732.94,,59931.69,-1719.21,
127040503.0,Aliquippa SD,Beaver,32941.1,497560.58,,779075.43,,,154859.39,,78539.21,27752.99,
127040703.0,Ambridge Area SD,Beaver,227199.77,3390974.92,746522.84,2471565.45,833395.79,270909.83,443327.18,,767539.06,426.0,
127041203.0,Beaver Area SD,Beaver,287515.2,352513.11,471119.83,169863.3,151635.29,60015.8,367650.79,17478.75,323059.29,110380.82,
127041503.0,Big Beaver Falls Area SD,Beaver,246766.59,540315.04,1260735.1,0.0,0.0,384263.99,228199.4,,108399.81,17080.92,4020.0
127041603.0,Blackhawk SD,Beaver,5213.01,268811.41,784510.16,0.0,0.0,681593.0,452835.91,,230311.54,151141.85,
127042003.0,Central Valley SD,Beaver,64588.22,791387.43,651267.0,119990.56,325141.4,,443469.39,,114660.97,9290.0,
127042853.0,Freedom Area SD,Beaver,688.29,437155.07,444292.22,254001.38,215964.05,598404.12,369303.01,,117320.93,18550.0,
127044103.0,Hopewell Area SD,Beaver,155432.6,644637.75,736539.61,227673.62,668698.4,,403552.49,,54665.32,,
127045303.0,Midland Borough SD,Beaver,782331.29,334670.6,164263.91,43634.57,178162.35,,,,19385.05,20548.24,
127045653.0,New Brighton Area SD,Beaver,125754.66,304570.54,445690.12,190425.23,253366.96,260388.09,476548.97,,231150.29,170957.68,
127045853.0,Riverside Beaver County SD,Beaver,55532.62,50136.58,367402.37,0.0,187910.82,,291508.9,,269939.79,,480.0
127046903.0,Rochester Area SD,Beaver,3372.88,826668.53,258861.22,224773.59,449490.41,107200.55,195504.03,,86416.86,58932.81,980.0
127047404.0,South Side Area SD,Beaver,75572.56,182415.41,284294.58,87238.75,132408.83,58353.46,299020.25,20447.94,23486.48,25170.0,
127049303.0,Western Beaver County SD,Beaver,,178845.18,174701.18,25920.26,265696.94,118737.77,217412.07,,80326.14,44342.2,
108051003.0,Bedford Area SD,Bedford,407650.56,1507084.8,373664.36,285808.56,123758.68,,486958.51,,,,
108051503.0,Chestnut Ridge SD,Bedford,139752.3,109349.59,412130.23,96924.23,364654.73,,213350.64,,175799.44,35682.56,
108053003.0,Everett Area SD,Bedford,134053.07,,298712.55,,346502.91,,414497.92,,,51415.16,
108056004.0,Northern Bedford County SD,Bedford,279049.44,,176139.34,,53078.87,,83406.32,,,,1005.0
108058003.0,Tussey Mountain SD,Bedford,58472.32,,243360.37,,155735.48,,145869.23,,,54771.39,
114060503.0,Antietam SD,Berks,118628.57,,439702.28,,418059.66,483415.62,410007.28,,23409.93,21354.65,244500.0
114060753.0,Boyertown Area SD,Berks,46490.34,119622.4,2702981.53,0.0,2208678.53,569791.15,2025793.99,,967297.78,61082.0,
114060853.0,Brandywine Heights Area SD,Berks,21926.64,237649.24,411056.53,281883.52,236034.13,447551.44,579267.07,,148483.14,28186.27,431.82
114061103.0,Conrad Weiser Area SD,Berks,147562.1,,561803.67,,828336.99,999058.77,810952.17,,65074.32,,1002.16
114061503.0,Daniel Boone Area SD,Berks,203644.6,,1322732.44,,906003.4,1346230.82,1029163.03,,271350.99,5388.76,22744.23
114062003.0,Exeter Township SD,Berks,96855.66,,728476.48,,1164767.85,1355811.82,1182215.46,,82024.05,18565.08,8468.31
114062503.0,Fleetwood Area SD,Berks,57136.09,,693836.53,,425785.62,1704.51,1187162.6,,1363614.14,30495.07,
114063003.0,Governor Mifflin SD,Berks,237.4,,582451.99,,561291.41,2871576.86,1422523.03,,259782.07,50038.39,
114063503.0,Hamburg Area SD,Berks,83637.85,139160.25,728498.2,138306.67,459943.43,1187791.37,913992.14,27014.0,85752.33,68475.29,
114064003.0,Kutztown Area SD,Berks,283740.82,585817.37,836667.36,219798.61,310057.87,77290.0,609293.39,,21294.06,634.87,235440.0
114065503.0,Muhlenberg SD,Berks,32608.9,,627069.63,,687764.83,798644.18,2265815.77,,90093.76,257206.63,3653.37
114066503.0,Oley Valley SD,Berks,3548.26,,561982.88,,536447.62,1272297.92,791803.06,,8422.84,6244.77,
114067002.0,Reading SD,Berks,1046714.96,18638.1,4434244.86,42940.04,5832156.64,8835126.43,5477915.49,6916.09,653594.54,403171.7,
114067503.0,Schuylkill Valley SD,Berks,346412.17,,1159054.85,,0.0,,757955.53,,59981.34,469099.31,
114068003.0,Tulpehocken Area SD,Berks,47929.41,,594824.42,,311509.85,360098.42,657329.31,,,63133.92,25991.54
114068103.0,Twin Valley SD,Berks,37516.65,,1082097.67,,1461908.5,1165058.43,1304436.29,,264082.08,828111.29,199.5
114069103.0,Wilson SD,Berks,222023.99,,788140.8,,952606.45,2060863.27,1045000.24,,50918.86,20782.85,
114069353.0,Wyomissing Area SD,Berks,299497.17,,455919.81,,321646.06,,517328.18,,215496.93,117679.79,
108070502.0,Altoona Area SD,Blair,334165.66,,1985808.1,,1658195.26,1149340.67,2866092.96,,51258.37,63651.85,3150.0
108071003.0,Bellwood-Antis SD,Blair,4916.11,,189877.4,,220023.71,,375074.86,,,150501.81,
108071504.0,Claysburg-Kimmel SD,Blair,123005.5,,75589.44,,67836.5,58457.44,327540.0,,,3028.11,
108073503.0,Hollidaysburg Area SD,Blair,42337.69,,623508.71,,503049.38,,1366770.48,,,221923.38,273553.04
108077503.0,Spring Cove SD,Blair,225.53,,435953.06,,193048.73,,514104.96,,563.9,244560.02,4773.6
108078003.0,Tyrone Area SD,Blair,19876.0,170531.19,539650.81,101481.41,179428.59,,407115.0,,80215.0,1871.0,58106.0
108079004.0,Williamsburg Community SD,Blair,16160.45,18776.19,237185.38,105909.0,38549.22,,243172.94,195.0,,11381.7,125333.69
117080503.0,Athens Area SD,Bradford,194356.84,,724447.82,,472685.39,,655034.6,,,,
117081003.0,Canton Area SD,Bradford,47163.22,,304569.28,,124698.25,,318025.9,,66.81,1472.29,
117083004.0,Northeast Bradford SD,Bradford,26481.63,,208738.63,,98801.9,,210442.0,,,,2284.0
117086003.0,Sayre Area SD,Bradford,158024.66,,318126.18,,341270.82,20519.44,325535.11,,44572.09,34804.14,
117086503.0,Towanda Area SD,Bradford,151027.41,,243656.86,,368368.04,,483229.56,,1578.61,,549189.1
117086653.0,Troy Area SD,Bradford,668937.45,,573864.2,,659191.25,,445156.56,,,,
117089003.0,Wyalusing Area SD,Bradford,-134.0,,798035.77,,176303.52,,385623.54,,51258.37,42324.74,209225.0
122091002.0,Bensalem Township SD,Bucks,93937.23,12133008.8,1811909.27,3629382.02,1229925.77,1819440.07,4576358.0,,523629.64,28643.82,3450.0
122091303.0,Bristol Borough SD,Bucks,88180.11,508876.15,924656.42,0.0,0.0,,852517.0,,308863.0,102045.88,
122091352.0,Bristol Township SD,Bucks,497691.55,2089407.25,2105807.98,2797793.98,1653698.31,3494200.68,6396376.0,16225.33,1095827.78,11796.34,
122092002.0,Centennial SD,Bucks,3174.53,337620.41,1099719.56,113628.9,679282.55,2138265.96,2877195.08,,319205.66,263.86,
122092102.0,Central Bucks SD,Bucks,34724.09,146094.0,2111838.01,72282.0,1044998.09,2511074.98,5145890.48,1172.92,141458.31,65213.04,569241.49
122092353.0,Council Rock SD,Bucks,201858.23,300068.14,1414602.55,325733.37,1325345.11,884417.09,2127064.61,,439229.92,13531.64,209184.98
122097203.0,Morrisville Borough SD,Bucks,243036.0,595690.0,719521.0,158822.0,29077.0,,749915.0,,66216.0,158435.0,
122097502.0,Neshaminy SD,Bucks,19695.14,,2267883.94,,1374557.61,1824720.22,5139782.0,92218.14,448295.52,174325.22,129518.54
122097604.0,New Hope-Solebury SD,Bucks,,80015.96,240047.88,0.0,0.0,,187778.02,,28263.86,,577045.4
122098003.0,Palisades SD,Bucks,29606.9,732901.15,943553.51,141125.37,301766.06,146706.72,1092861.0,11880.0,157708.68,6920.64,111364.78
122098103.0,Pennridge SD,Bucks,92063.64,235539.58,1494774.34,34043.27,847395.06,1689516.1,3526408.55,,304014.87,,
122098202.0,Pennsbury SD,Bucks,374652.17,2130351.81,1630498.63,1445914.37,1229611.64,3109798.43,5290763.0,,377620.18,38694.92,57061.98
122098403.0,Quakertown Community SD,Bucks,151950.93,460720.49,1958238.51,498700.66,1103567.57,187218.56,3722915.21,,192239.18,283521.72,390392.45
104101252.0,Butler Area SD,Butler,226711.94,140158.37,2270018.88,98958.21,1476140.87,1332666.57,1936203.09,69550.0,1052725.12,177226.68,
104103603.0,Karns City Area SD,Butler,,,615741.92,,0.0,,504606.98,,36038.99,9.95,
104107803.0,Knoch SD,Butler,53650.65,,846944.69,,603959.95,,470738.59,,49653.87,339070.08,
104105003.0,Mars Area SD,Butler,12747.55,81907.2,820536.08,83794.83,641808.45,748246.52,238011.7,,241839.26,8451.65,158.25
104105353.0,Moniteau SD,Butler,166191.81,,327273.47,,101845.4,260212.56,241225.33,,21745.11,,
104107903.0,Seneca Valley SD,Butler,56090.29,215015.02,1036167.85,126150.28,809595.91,1513184.77,625595.7,,711490.01,12255.22,
104107503.0,Slippery Rock Area SD,Butler,291699.07,,928524.99,,590019.34,,472531.0,,221645.83,,
108110603.0,Blacklick Valley SD,Cambria,47712.95,,226871.36,,176384.53,,339886.48,,134692.12,348319.06,157555.95
108111203.0,Cambria Heights SD,Cambria,510.79,,411572.18,,141998.7,,548470.8,,,,
108111303.0,Central Cambria SD,Cambria,,,,,,,,,,,
108111403.0,Conemaugh Valley SD,Cambria,152753.89,,457836.69,,0.0,,126883.78,,,,
108112003.0,Ferndale Area SD,Cambria,73847.22,,530662.73,,220706.23,,238325.63,,,,
108112203.0,Forest Hills SD,Cambria,85097.39,,202454.36,,154917.05,96661.15,659829.27,,,185231.06,
108112502.0,Greater Johnstown SD,Cambria,478957.99,,1817614.33,,2210662.04,,89879.69,142885.0,77074.29,25599.05,
108114503.0,Northern Cambria SD,Cambria,108690.64,,399527.63,,374517.01,,218376.39,,,,
108116003.0,Penn Cambria SD,Cambria,8207.75,,369320.52,,353625.97,,615861.53,,,,380930.57
108116303.0,Portage Area SD,Cambria,15306.47,,377521.05,,77032.12,,332514.91,,,1658.0,
108116503.0,Richland SD,Cambria,59275.75,,204851.2,,133483.53,,433974.51,,51258.37,20313.25,
108118503.0,Westmont Hilltop SD,Cambria,27726.09,,314552.26,,209570.19,135578.12,335309.49,,,384.34,
109122703.0,Cameron County SD,Cameron,104683.0,,313594.0,,285790.0,,207014.0,,80304.0,,
121135003.0,Jim Thorpe Area SD,Carbon,152340.16,,2128786.19,,1952577.9,1434810.53,1291182.0,221410.04,,152117.36,
121135503.0,Lehighton Area SD,Carbon,121151.67,,1705772.41,,1026195.83,260381.3,1633527.3,234533.04,24440.28,3740.2,
121136503.0,Palmerton Area SD,Carbon,143483.31,79222.7,1129804.76,0.0,807766.43,1173284.14,2202975.78,202846.04,,,
121136603.0,Panther Valley SD,Carbon,29666.81,0.0,2901828.52,118436.39,0.0,,922110.38,,-18041.36,3282896.88,
121139004.0,Weatherly Area SD,Carbon,553.51,,462195.18,,252584.5,31170.0,252466.0,27280.0,,737923.67,
110141003.0,Bald Eagle Area SD,Centre,37261.3,,797146.07,,749222.04,745.44,1610249.92,,2497.52,190872.26,319.0
110141103.0,Bellefonte Area SD,Centre,68059.32,1408571.5,424872.96,615470.19,983468.88,77500.0,2051134.16,,13651.52,17062.41,
110147003.0,Penns Valley Area SD,Centre,4073.04,373442.82,500342.6,274976.45,240532.07,,954935.21,,,170045.88,
110148002.0,State College Area SD,Centre,138200.11,3210569.65,877513.89,1332509.47,334882.15,,5982.03,,,72202.4,1445638.73
124150503.0,Avon Grove SD,Chester,64356.9,6736542.99,882997.75,2657249.79,325831.15,259042.76,114356.75,,276717.72,,
124151902.0,Coatesville Area SD,Chester,276839.31,26710742.59,3278331.39,20972434.33,1547259.88,634309.4,3405888.0,120465.0,2616575.01,53151.87,
124152003.0,Downingtown Area SD,Chester,59421.75,2872643.2,1598282.07,1492804.05,578203.99,917613.72,2792155.0,81540.11,621920.03,,237045.66
124153503.0,Great Valley SD,Chester,27451.53,223151.91,1335616.0,106984.6,824393.0,352199.63,1096069.85,,974857.01,589269.94,535304.69
124154003.0,Kennett Consolidated SD,Chester,151643.9,1432887.65,538880.77,741688.37,304820.77,444090.0,1961970.18,4050.0,85381.88,,
124156503.0,Octorara Area SD,Chester,320671.35,1733631.1,497686.1,885641.87,495014.03,1210.0,973369.0,8127.0,196773.6,495144.13,
124156603.0,Owen J Roberts SD,Chester,81908.1,976593.17,1138538.26,652921.75,869352.81,337941.89,1057174.0,2470.0,307674.31,1832.24,425.0
124156703.0,Oxford Area SD,Chester,177129.96,4230152.94,812592.41,2496552.58,952315.58,455209.28,2433022.5,47550.0,329907.68,127564.8,
124157203.0,Phoenixville Area SD,Chester,78747.05,3835178.43,,1544263.17,,438367.21,728388.0,48125.0,283640.66,57951.6,238516.76
124157802.0,Tredyffrin-Easttown SD,Chester,116039.96,67446.69,746827.77,0.0,0.0,163642.0,681178.0,,1379372.06,,1875062.04
124158503.0,Unionville-Chadds Ford SD,Chester,321167.91,28232.72,442312.59,30995.12,175639.01,,830106.27,,90672.32,,207576.93
124159002.0,West Chester Area SD,Chester,149088.05,2734791.64,1968394.66,1843038.48,1265903.92,583876.04,2680374.87,,1925059.4,4694.18,498133.69
106160303.0,Allegheny-Clarion Valley SD,Clarion,37988.23,,967038.88,,0.0,,314941.88,,,107185.88,
106161203.0,Clarion Area SD,Clarion,202766.05,,357461.39,,303094.28,,210497.23,,1152.47,,113633.02
106161703.0,Clarion-Limestone Area SD,Clarion,43299.54,,344871.96,,245456.5,,231742.59,,,,
106166503.0,Keystone SD,Clarion,172579.96,,633847.69,,299774.42,,574675.68,,66420.87,7375.85,
106167504.0,North Clarion County SD,Clarion,38978.94,,155004.44,,117521.9,,380628.72,,51258.37,,
106168003.0,Redbank Valley SD,Clarion,229549.47,,1189426.42,,0.0,155323.68,497808.98,,,9600.09,
106169003.0,Union SD,Clarion,85566.49,,221113.41,,218558.36,,359050.82,,,54031.8,158250.05
110171003.0,Clearfield Area SD,Clearfield,199405.09,12663.63,945324.7,30811.78,880569.86,,1243571.12,,,51012.7,1109194.44
110171803.0,Curwensville Area SD,Clearfield,52240.19,,218234.25,,42136.59,,705459.96,,,23569.45,768400.92
106172003.0,DuBois Area SD,Clearfield,1003190.04,,793399.22,,777737.83,,2683017.08,,1286633.82,,
110173003.0,Glendale SD,Clearfield,63137.49,,247399.5,,343371.85,,238981.1,,,192684.13,
110173504.0,Harmony Area SD,Clearfield,8631.21,,74155.77,,61557.56,,113552.47,,,16405.43,
110175003.0,Moshannon Valley SD,Clearfield,19711.36,13695.5,423585.97,1073.72,130153.98,980321.0,751618.14,,,51519.02,1087.8
110177003.0,Philipsburg-Osceola Area SD,Clearfield,219792.26,196191.02,768109.98,423018.69,16000.0,30364.47,756218.61,,56.79,38073.03,245.0
110179003.0,West Branch Area SD,Clearfield,48604.9,,348526.44,,163376.17,500464.48,923803.23,,82258.37,2163.04,
110183602.0,Keystone Central SD,Clinton,1215284.5,3541205.23,2042054.8,2670786.62,991023.4,,,,73607.11,,
116191004.0,Benton Area SD,Columbia,159087.15,,130963.52,,36051.23,,396401.3,1080.0,,4155.5,86395.0
116191103.0,Berwick Area SD,Columbia,296226.57,,1305134.07,,240723.36,,2369085.0,6600.0,791070.09,99267.97,
116191203.0,Bloomsburg Area SD,Columbia,198876.76,,525044.8,,243634.03,,1175501.78,97582.5,,16971.38,338042.0
116191503.0,Central Columbia SD,Columbia,31193.01,,715012.37,,0.0,,1243414.78,,39224.05,15.93,
116195004.0,Millville Area SD,Columbia,248556.78,,201559.82,,53349.12,,566065.9,,,,128749.94
116197503.0,Southern Columbia Area SD,Columbia,65844.0,,605378.17,,0.0,,1135514.03,,,,
105201033.0,Conneaut SD,Crawford,69989.72,,867585.74,,641701.01,,1483005.42,,58734.55,151208.39,
105201352.0,Crawford Central SD,Crawford,375665.56,,1935930.0,,1266410.35,,1919192.89,,476615.34,11.63,19600.0
105204703.0,Penncrest SD,Crawford,84400.72,,1212541.34,,874463.27,,1992770.0,,65827.68,3735.92,
115210503.0,Big Spring SD,Cumberland,400196.58,31648.27,1579654.41,0.0,1734925.98,2349767.59,840900.0,,97606.65,25260.91,
115211003.0,Camp Hill SD,Cumberland,361927.73,,520724.84,,225944.93,,87707.0,30554.0,51258.37,1206.0,
115211103.0,Carlisle Area SD,Cumberland,607759.17,,2150269.62,,1299455.91,,,206794.0,1970174.83,890753.62,2883283.46
115211603.0,Cumberland Valley SD,Cumberland,452457.0,301930.0,4531853.0,0.0,0.0,1215761.0,826467.0,477512.0,75051.0,,80741.0
115212503.0,East Pennsboro Area SD,Cumberland,1034191.27,129875.43,2107333.93,29917.9,1618629.53,35401.37,428798.0,188195.0,,1010.0,
115216503.0,Mechanicsburg Area SD,Cumberland,377301.06,99573.0,1226249.03,0.0,1639176.0,,392150.0,225392.0,51258.37,18.35,
115218003.0,Shippensburg Area SD,Cumberland,346900.53,3648.66,1394484.59,11766.22,1219220.13,1029143.64,985668.32,139670.96,,33720.0,1215.0
115218303.0,South Middleton SD,Cumberland,852835.31,,970272.57,,826420.18,229618.72,444141.0,84134.0,,,248043.0
115221402.0,Central Dauphin SD,Dauphin,820641.32,2724000.78,6178787.32,347403.85,4359531.2,,6506567.95,1017584.0,78000.6,3436786.27,95010.0
115221753.0,Derry Township SD,Dauphin,13583.07,,1135418.76,,578184.28,,496196.3,135944.0,74395.25,,
115222504.0,Halifax Area SD,Dauphin,296280.74,,982815.72,,314428.37,118800.0,732580.62,63322.0,167152.57,1185.0,
115222752.0,Harrisburg City SD,Dauphin,5589727.57,4037213.6,8177339.21,7654656.04,0.0,,3819274.0,395050.0,120243.02,27559.1,
115224003.0,Lower Dauphin SD,Dauphin,385727.37,101214.32,1030317.08,59687.84,1145698.3,308807.6,1090742.91,200014.7,97062.72,538129.57,
115226003.0,Middletown Area SD,Dauphin,70673.78,112333.5,1217494.25,39137.15,796707.05,,1138673.74,140581.37,95010.28,171471.94,5212.58
115226103.0,Millersburg Area SD,Dauphin,68516.37,,991736.34,,375657.7,250881.3,156326.4,45610.0,,1409.91,
115228003.0,Steelton-Highspire SD,Dauphin,908703.0,255379.0,2149382.0,56461.0,1011751.0,112360.0,394099.0,,57.0,564435.0,
115228303.0,Susquehanna Township SD,Dauphin,424051.73,441554.72,2004827.87,239503.07,1087435.82,,1468049.28,260374.0,1169071.53,6254.47,45557.83
115229003.0,Upper Dauphin Area SD,Dauphin,14801.22,,655986.2,,629233.08,704442.07,83462.4,54909.0,,,64482.0
125231232.0,Chester-Upland SD,Delaware,584083.72,9036206.85,25848211.3,8726960.51,15629955.48,175286.16,84682.97,7395.4,1847399.71,26041.45,6242.8
125231303.0,Chichester SD,Delaware,160866.34,1510742.83,1577617.36,457620.09,1413978.86,83138.42,890399.13,,789176.06,94622.2,
125234103.0,Garnet Valley SD,Delaware,215080.82,,431481.9,,278614.6,,615533.0,212188.5,1326759.54,55815.52,494193.99
125234502.0,Haverford Township SD,Delaware,8991.53,18528.36,317607.4,0.0,266203.23,1564983.89,847403.0,1369536.0,1390016.75,10581.13,
125235103.0,Interboro SD,Delaware,34860.41,216671.62,443387.87,42444.31,448532.9,627491.13,847992.0,380958.0,811969.96,15742.1,32183.7
125235502.0,Marple Newtown SD,Delaware,33744.33,,267254.67,,523595.55,3853115.7,325321.79,,441049.37,,
125236903.0,Penn-Delco SD,Delaware,38201.93,129501.32,644483.57,93521.7,494520.85,531202.26,655860.89,,685091.24,21999.96,129969.52
125237603.0,Radnor Township SD,Delaware,,37982.0,187389.58,0.0,131552.06,1191461.17,1910483.35,1194382.0,366119.1,,
125237702.0,Ridley SD,Delaware,69022.2,378916.03,1066039.83,593212.96,758512.08,2768021.04,,728075.0,1575979.69,56554.6,
125237903.0,Rose Tree Media SD,Delaware,35655.24,,993284.21,,426232.64,127070.23,350920.0,971745.0,1179996.25,5667.3,79117.5
125238402.0,Southeast Delco SD,Delaware,353352.57,7932194.0,,2955931.03,,-430767.08,983214.95,341151.0,3347508.19,45411.0,
125238502.0,Springfield SD,Delaware,172542.45,0.0,355873.73,40775.16,70459.88,268282.09,769986.0,608557.0,1564292.01,12782.96,80565.45
125239452.0,Upper Darby SD,Delaware,98106.33,3928428.6,3076763.84,2105840.82,2765819.44,4184700.69,1719916.71,856021.17,1524269.96,666686.06,
125239603.0,Wallingford-Swarthmore SD,Delaware,5846.16,34890.12,401101.81,42054.37,354317.69,,315450.0,183664.0,1042057.85,,8292.44
125239652.0,William Penn SD,Delaware,75823.54,8409038.76,4849940.94,599402.28,0.0,86511.53,976957.35,317985.0,976745.5,678264.8,230099.8
109243503.0,Johnsonburg Area SD,Elk,90164.29,,195689.08,,0.0,,,,,2772.88,
109246003.0,Ridgway Area SD,Elk,120589.81,,278333.69,,193042.57,,,,,18938.75,17189.0
109248003.0,Saint Marys Area SD,Elk,170469.8,,433343.89,,64742.04,,,,9494.74,,272634.48
105251453.0,Corry Area SD,Erie,76215.19,,915015.92,,273316.44,,,32900.0,62281.12,139585.87,
105252602.0,Erie City SD,Erie,2774622.61,13883883.26,4294155.59,9915264.02,3961999.84,,,,1630142.6,104819.46,
105253303.0,Fairview SD,Erie,79511.55,69089.92,242094.54,0.0,44587.2,,2186872.59,9886.95,31140.56,15250.82,
105253553.0,Fort LeBoeuf SD,Erie,142581.84,12060.27,650896.16,0.0,360829.12,,403548.96,,96806.06,39892.48,48425.0
105253903.0,General McLane SD,Erie,93479.1,23285.28,597580.57,11426.9,533644.11,,2489902.97,,131298.61,18.24,120312.5
105254053.0,Girard SD,Erie,309675.52,25386.88,285293.28,0.0,110738.58,,1531868.51,9886.95,80004.6,,
105254353.0,Harbor Creek SD,Erie,194886.97,14471.96,378375.03,32466.84,251246.96,,2496863.96,,184674.6,13099.35,-250.0
105256553.0,Iroquois SD,Erie,137253.51,132416.54,367331.52,58500.78,201332.33,,281438.04,,88733.39,169986.39,
105257602.0,Millcreek Township SD,Erie,8032.11,1103332.72,1271416.02,244308.77,1116037.25,,7165960.12,,215267.75,737979.56,474804.5
105258303.0,North East SD,Erie,381325.75,21998.0,506518.99,0.0,173569.23,,1709449.54,,68719.01,6857.63,
105258503.0,Northwestern SD,Erie,54074.33,12018.48,598917.41,21641.26,313337.86,,1252978.49,,84329.13,52663.34,145405.5
105259103.0,Union City Area SD,Erie,19804.48,,271520.18,,103003.18,,914869.36,,15570.28,37530.52,
105259703.0,Wattsburg Area SD,Erie,153174.81,,429379.62,,352754.41,117197.01,352664.04,,64616.65,50223.8,
101260303.0,Albert Gallatin Area SD,Fayette,29404.43,,1259330.15,,1064470.13,64297.42,1548528.0,,3.37,176295.58,1262322.55
101260803.0,Brownsville Area SD,Fayette,96850.36,,620120.2,,834825.58,,672023.0,,252471.81,18162.34,1117431.53
101261302.0,Connellsville Area SD,Fayette,182183.49,,2717507.52,,0.0,1419058.82,2941194.9,,239136.75,,1006355.52
101262903.0,Frazier SD,Fayette,15263.76,,919736.93,,0.0,278266.5,325063.04,,71857.86,,133750.0
101264003.0,Laurel Highlands SD,Fayette,90641.42,,1111743.37,,935221.99,117938.72,1333382.78,4921.74,36038.99,5074.36,
101268003.0,Uniontown Area SD,Fayette,1228987.08,,1724092.24,,1193620.61,,1202633.77,,156632.54,,
106272003.0,Forest Area SD,Forest,52050.96,354943.7,262489.19,126998.75,158850.17,,342820.68,,,93320.38,
112281302.0,Chambersburg Area SD,Franklin,372621.0,,3421875.0,,2342906.0,1086445.0,2403439.0,289.0,236973.0,36415.0,18076.0
112282004.0,Fannett-Metal SD,Franklin,5580.0,,411587.6,,283793.55,,162362.68,,,69336.1,104911.73
112283003.0,Greencastle-Antrim SD,Franklin,71446.54,,411636.48,,119356.85,,904270.07,,,225826.03,
112286003.0,Tuscarora SD,Franklin,455172.0,,1153105.0,,409352.0,,659060.0,,,12999.0,
112289003.0,Waynesboro Area SD,Franklin,396086.39,,3001628.07,,5290.56,,937021.0,,,2731680.28,25115.8
111291304.0,Central Fulton SD,Fulton,15359.99,,628177.0,,444817.51,140206.87,318005.96,,,,
111292304.0,Forbes Road SD,Fulton,83597.36,,380431.71,,0.0,,111787.09,1182.0,,138878.49,
111297504.0,Southern Fulton SD,Fulton,149107.59,,382853.26,,268141.41,,248208.35,,,101024.9,
101301303.0,Carmichaels Area SD,Greene,129487.33,,372158.93,,243920.37,,582402.1,,78829.82,13864.38,38360.0
101301403.0,Central Greene SD,Greene,172061.4,,678002.31,,726118.46,184143.63,834199.05,,36045.95,97200.0,
101303503.0,Jefferson-Morgan SD,Greene,139650.42,,246799.05,,0.0,,383589.46,,,13373.69,
101306503.0,Southeastern Greene SD,Greene,172127.74,,205582.63,,161529.21,,303265.59,,,78396.6,
101308503.0,West Greene SD,Greene,3129.5,,266229.83,,64773.12,,385410.79,,,79616.31,
111312503.0,Huntingdon Area SD,Huntingdon,39674.82,1173425.73,819148.27,1357618.04,67575.52,,610587.96,,73603.88,31246.0,
111312804.0,Juniata Valley SD,Huntingdon,,85716.22,42321.34,91785.96,104951.69,,267158.04,,,603.0,
111316003.0,Mount Union Area SD,Huntingdon,202792.87,164721.92,772857.38,630046.0,689183.25,,550668.0,,,67493.36,16200.0
111317503.0,Southern Huntingdon County SD,Huntingdon,525719.42,12153.31,400392.91,9485.19,340838.02,,576735.0,,51258.37,142559.36,132562.9
128323303.0,Homer-Center SD,Indiana,197043.19,0.0,291637.32,263494.0,94874.21,,384658.18,,,9631.55,
128323703.0,Indiana Area SD,Indiana,200438.69,,961335.14,,501288.1,452642.61,967440.95,,149451.28,18938.75,
128325203.0,Marion Center Area SD,Indiana,152111.01,,412936.0,,321034.04,,612792.99,,92128.11,2402.69,345336.74
128326303.0,Penns Manor Area SD,Indiana,94188.57,,417624.16,,405071.91,,396696.96,,,,329391.98
128327303.0,Purchase Line SD,Indiana,220794.31,,275565.64,,262413.77,367510.74,296613.79,,,,
128321103.0,River Valley SD,Indiana,81914.0,,1151475.0,,498201.0,71419.0,650576.0,,,298347.0,
128328003.0,United SD,Indiana,341701.98,,710513.01,,484887.83,25469.0,323424.68,,315072.44,6537.86,
106330703.0,Brockway Area SD,Jefferson,566.09,,104254.88,,22044.0,,669567.75,,392614.94,,
106330803.0,Brookville Area SD,Jefferson,70926.55,,508924.47,,184170.14,,1113981.06,,,,
106338003.0,Punxsutawney Area SD,Jefferson,1905711.46,,1629542.45,,1240851.67,,1543639.11,,,,8757.08
111343603.0,Juniata County SD,Juniata,4291.54,4851.73,1914593.87,274200.49,1057862.66,,517738.5,,,831049.16,
119350303.0,Abington Heights SD,Lackawanna,92073.46,211317.12,1015664.24,78305.88,425184.02,628698.11,357136.25,2300.0,56627.44,77133.5,
119351303.0,Carbondale Area SD,Lackawanna,276356.73,609072.48,835660.23,739811.44,965013.65,,,,56627.44,211.67,387870.68
119352203.0,Dunmore SD,Lackawanna,181423.53,88261.28,428183.26,78998.88,380616.61,,360830.72,,,16637.27,637451.54
119354603.0,Lakeland SD,Lackawanna,16836.0,104185.29,684729.59,131358.69,878409.16,107745.67,371024.0,,99345.31,27728.77,4050.0
119355503.0,Mid Valley SD,Lackawanna,199531.06,81513.27,873183.08,100624.46,934008.02,,553032.36,3600.0,84941.16,4020.0,778420.1
119356503.0,North Pocono SD,Lackawanna,28971.99,42970.95,1284888.7,0.0,863664.05,669301.82,600517.0,92212.14,84920.58,,
119356603.0,Old Forge SD,Lackawanna,466952.61,,654055.28,,301886.37,,255469.79,-1131.68,,,
119357003.0,Riverside SD,Lackawanna,,27500.5,626484.09,21100.2,412170.89,,275689.92,15585.0,44000.72,9372.0,
119357402.0,Scranton SD,Lackawanna,91077.12,2023660.83,5759715.97,901710.3,3299109.31,1138328.27,1670770.02,8000.0,210402.55,41186.77,
119358403.0,Valley View SD,Lackawanna,175914.0,86064.0,1012683.0,27064.0,595512.0,,545027.0,,,542313.0,
113361303.0,Cocalico SD,Lancaster,546104.8,,922181.39,,619587.87,525667.7,1200501.91,,109350.0,299276.66,36166.25
113361503.0,Columbia Borough SD,Lancaster,113241.29,1951.21,789310.65,0.0,594619.39,,476191.35,,,6511.39,289075.23
113361703.0,Conestoga Valley SD,Lancaster,300359.81,0.0,901871.95,9745.0,306638.0,176982.5,1211280.78,,,19184.54,56873.24
113362203.0,Donegal SD,Lancaster,307463.98,,879282.35,,845814.75,,742970.81,,,17240.6,389223.5
113362303.0,Eastern Lancaster County SD,Lancaster,134759.82,5380.39,755106.98,4787.95,796530.5,,1142083.45,,,39961.16,132206.72
113362403.0,Elizabethtown Area SD,Lancaster,170572.6,,1368876.64,,756998.92,621237.54,1231698.19,350.0,60944.68,,66200.41
113362603.0,Ephrata Area SD,Lancaster,631135.23,,1351643.0,,560867.44,,892110.88,,51258.37,52548.82,
113363103.0,Hempfield SD,Lancaster,85941.62,,1149204.13,,1423961.81,,1363205.68,,1609800.73,90605.37,
113363603.0,Lampeter-Strasburg SD,Lancaster,941711.55,1586.95,685999.37,31621.77,302456.83,,574434.6,,25956.04,,31750.0
113364002.0,Lancaster SD,Lancaster,921029.0,1838657.0,2985429.0,1752703.0,1740184.0,,626093.0,49581.0,19106.0,30314.0,552255.0
113364403.0,Manheim Central SD,Lancaster,119546.0,,1558121.9,,778233.57,26979.71,1049896.34,,,146439.91,
113364503.0,Manheim Township SD,Lancaster,253312.06,12388.33,946646.88,22576.21,549478.14,,991466.6,,124107.85,86354.84,245715.38
113365203.0,Penn Manor SD,Lancaster,252587.44,42926.0,1120361.57,27512.0,776101.36,956755.21,1786801.36,,51258.37,8554.98,72044.0
113365303.0,Pequea Valley SD,Lancaster,1055724.83,44436.91,801711.85,0.0,0.0,,416342.0,,,405251.12,22482.0
113367003.0,Solanco SD,Lancaster,155176.8,113182.39,832430.34,31196.91,946548.22,,1287601.5,,-2.57,1692.98,358392.5
113369003.0,Warwick SD,Lancaster,320443.28,,1089018.26,,729724.27,,1020669.62,,23948.45,,
104372003.0,Ellwood City Area SD,Lawrence,220140.2,51661.27,827958.49,0.0,403411.84,86926.85,1051975.89,,162826.12,73737.8,750.0
104374003.0,Laurel SD,Lawrence,45646.34,45010.86,276241.93,0.0,48407.21,,333943.79,,21742.16,,
104375003.0,Mohawk Area SD,Lawrence,15392.12,32960.16,343144.29,46073.0,150365.92,164917.02,346192.93,225.0,153636.51,71737.8,137020.19
104375203.0,Neshannock Township SD,Lawrence,121391.6,77588.0,232754.58,24687.35,132200.0,113139.62,424208.76,,32208.08,128992.9,
104375302.0,New Castle Area SD,Lawrence,436450.82,123410.48,2021397.95,43900.85,256312.11,1014391.36,1866078.8,3320.0,217929.57,598013.24,
104376203.0,Shenango Area SD,Lawrence,410167.19,83191.19,267745.03,0.0,196386.91,,507790.91,,109952.07,5002.73,
104377003.0,Union Area SD,Lawrence,88553.0,166579.0,122590.0,116909.0,52234.0,169828.0,467106.0,,126545.0,,
104378003.0,Wilmington Area SD,Lawrence,142682.56,,519295.83,,352849.36,,231491.77,,27904.44,,
113380303.0,Annville-Cleona SD,Lebanon,22668.84,,587073.24,,444786.5,,515527.11,,400417.62,23736.54,
113381303.0,Cornwall-Lebanon SD,Lebanon,497490.38,,1046535.29,,985757.92,,1604129.89,,653287.36,45419.72,
113382303.0,Eastern Lebanon County SD,Lebanon,168747.49,,1214796.84,,471406.87,34150.0,728635.0,,,,
113384603.0,Lebanon SD,Lebanon,2100868.49,,1144088.49,,874151.28,,1170677.0,25643.0,,50461.45,
113385003.0,Northern Lebanon SD,Lebanon,166995.33,,1201027.91,,930219.35,665606.2,669882.0,,47085.33,346031.49,
113385303.0,Palmyra Area SD,Lebanon,144060.96,,1383300.71,,600000.0,445350.02,996464.78,,75753.27,8717.84,
121390302.0,Allentown City SD,Lehigh,392901.0,37258969.0,7341985.0,15456904.0,1958592.0,,6662407.0,1734363.0,74069.0,81891.0,
121391303.0,Catasauqua Area SD,Lehigh,52796.85,1532040.06,367195.74,760805.17,407642.45,,883542.58,162738.96,22697.74,7770.16,138878.67
121392303.0,East Penn SD,Lehigh,131160.97,2652750.69,1713909.54,839833.11,1492165.21,114208.0,2695923.22,898256.04,274974.17,128504.74,
121394503.0,Northern Lehigh SD,Lehigh,99014.87,389726.32,649861.91,16971.45,691186.13,,1227844.01,179438.96,406.13,12216.86,352787.0
121394603.0,Northwestern Lehigh SD,Lehigh,,878722.76,541230.42,386586.15,176796.86,,1356096.12,234732.96,,,
121395103.0,Parkland SD,Lehigh,106464.6,2321030.06,1935023.35,1257226.66,1333792.03,617753.0,4290189.38,1237777.04,,114.58,
121395603.0,Salisbury Township SD,Lehigh,92654.93,1497301.2,329941.89,461747.74,253910.14,345423.49,1066558.26,187169.96,,3742.1,
121395703.0,Southern Lehigh SD,Lehigh,30609.42,1159516.85,404806.1,469651.19,181250.8,,1241421.71,285248.96,25976.92,122771.33,172700.0
121397803.0,Whitehall-Coplay SD,Lehigh,36848.98,2134794.66,922610.67,719752.98,981515.36,394659.03,2266146.21,535158.96,23506.44,13563.09,101337.42
118401403.0,Crestwood SD,Luzerne,287564.35,98776.15,950657.01,128855.26,303063.4,,978329.0,,,,
118401603.0,Dallas SD,Luzerne,432136.0,23883.41,1113799.67,0.0,0.0,,444957.16,,41952.16,10.15,
118402603.0,Greater Nanticoke Area SD,Luzerne,1490404.8,1024688.65,1376585.11,0.0,0.0,,864218.12,,28313.72,28320.94,
118403003.0,Hanover Area SD,Luzerne,3623.31,,1282497.77,,1377395.37,,1210554.0,,1284900.89,5.02,
118403302.0,Hazleton Area SD,Luzerne,315674.14,16772.95,3197926.96,0.0,1467517.56,,,300.0,160413.59,2540578.3,
118403903.0,Lake-Lehman SD,Luzerne,,,532517.93,,320007.53,,403022.28,,56627.44,340648.08,
118406003.0,Northwest Area SD,Luzerne,96536.09,,855483.25,,199024.43,,480476.4,,,988245.29,79042.38
118406602.0,Pittston Area SD,Luzerne,1409446.53,196625.57,1748700.47,136346.01,589992.01,,1150891.56,,10381.7,13864.38,
118408852.0,Wilkes-Barre Area SD,Luzerne,1469379.32,3464578.89,3418767.67,2504886.71,3505420.39,,2774094.0,,101695.68,2259929.26,
118409203.0,Wyoming Area SD,Luzerne,790926.33,77445.62,703776.01,43451.31,770134.17,,735325.2,6600.0,28313.72,,
118409302.0,Wyoming Valley West SD,Luzerne,609098.32,187458.31,1488528.96,136965.54,1802255.57,2082805.5,3505341.12,,78057.83,10.14,-975.0
117412003.0,East Lycoming SD,Lycoming,149322.82,,665062.08,,159983.69,55200.0,441998.39,,,,3685.0
117414003.0,Jersey Shore Area SD,Lycoming,6063.72,887626.53,797964.86,465718.26,916665.41,,,,,,
117414203.0,Loyalsock Township SD,Lycoming,434.13,,424253.3,,227264.03,,287714.16,9700.01,,102609.14,
117415004.0,Montgomery Area SD,Lycoming,7687.76,,361191.9,,108236.69,,,,9006.52,518981.97,
117415103.0,Montoursville Area SD,Lycoming,228606.82,,538956.38,,418445.93,,259552.42,,,,5526.0
117415303.0,Muncy SD,Lycoming,32829.57,,497586.05,,251331.73,57264.0,314152.07,,28313.72,105158.79,
117416103.0,South Williamsport Area SD,Lycoming,67976.76,,417117.52,,330842.46,,223796.44,900.0,,15555.84,251910.74
117417202.0,Williamsport Area SD,Lycoming,785281.19,,3233338.25,,1892412.76,316800.0,,,109351.38,88011.47,
109420803.0,Bradford Area SD,McKean,261589.66,,754902.57,,452005.32,6382.21,,12936.0,,40348.62,542172.0
109422303.0,Kane Area SD,McKean,39179.73,,224725.78,,102593.89,40254.04,182034.7,,25601.7,94157.93,
109426003.0,Otto-Eldred SD,McKean,63118.49,,290389.78,,59477.43,,190183.33,,,,
109426303.0,Port Allegany SD,McKean,157413.52,,294830.17,,66999.73,,317412.68,,,,
109427503.0,Smethport Area SD,McKean,88246.47,,262996.51,,280346.37,,231399.56,,,,
104431304.0,Commodore Perry SD,Mercer,124798.66,,180029.31,,71326.0,,174009.2,,382005.0,,
104432503.0,Farrell Area SD,Mercer,1186.0,295475.0,432451.0,205967.0,860963.0,,109157.0,6624.0,,279520.0,
104432803.0,Greenville Area SD,Mercer,40164.52,145814.44,220797.56,306635.74,146786.66,32237.44,319646.12,,,4984.44,
104432903.0,Grove City Area SD,Mercer,45790.57,43063.32,305164.17,37505.29,309068.33,386179.67,597121.48,,99435.7,,63910.0
104433303.0,Hermitage SD,Mercer,275650.45,165846.66,409644.75,76137.84,148016.94,499960.2,601497.41,,61897.74,,56618.2
104433604.0,Jamestown Area SD,Mercer,2683.38,,427600.09,,180170.11,,226121.5,,,,
104433903.0,Lakeview SD,Mercer,3766.97,,592591.8,,463415.7,130513.79,578107.01,,34396.47,,
104435003.0,Mercer Area SD,Mercer,43607.95,80238.95,564904.09,209923.74,195670.4,,485026.56,,249023.38,10148.73,
104435303.0,Reynolds SD,Mercer,167041.9,161817.47,415617.24,227001.68,344044.56,,408026.41,,,,
104435603.0,Sharon City SD,Mercer,339340.1,388729.35,819193.26,1056968.26,1266938.05,648725.17,84402.67,,56006.65,19.82,
104435703.0,Sharpsville Area SD,Mercer,150932.39,109826.0,272102.74,32418.58,57443.66,,348723.42,,,,30950.58
104437503.0,West Middlesex Area SD,Mercer,81490.45,34316.5,363097.61,0.0,178628.97,,344682.17,,,,130132.58
111444602.0,Mifflin County SD,Mifflin,1211401.16,392442.7,1706889.31,374230.81,854031.91,,2069745.0,,,97971.31,
120452003.0,East Stroudsburg Area SD,Monroe,200311.41,937730.63,3830680.39,409882.14,3550460.45,275462.74,1707484.95,,2995.45,88016.33,16133.16
120455203.0,Pleasant Valley SD,Monroe,429489.82,337396.59,5285879.75,186024.48,2914383.64,,1684036.0,,23216.57,2529.37,
120455403.0,Pocono Mountain SD,Monroe,332904.62,1339032.38,7900544.24,307584.63,5020937.15,470444.89,3115787.0,,556776.3,36473.29,
120456003.0,Stroudsburg Area SD,Monroe,268753.71,593740.03,3420880.7,167972.01,2529559.25,,1586171.0,,5186.09,29162.8,
123460302.0,Abington SD,Montgomery,293526.84,198057.99,1045652.35,130750.91,652824.2,1082070.81,1662287.0,,275773.82,16775.9,200710.17
123460504.0,Bryn Athyn SD,Montgomery,29896.0,14805.0,,0.0,,,,,10274.47,,65346.0
123461302.0,Cheltenham SD,Montgomery,77830.72,271618.18,2560831.76,69431.64,722847.47,732472.83,1330139.0,7395.0,786528.31,,
123461602.0,Colonial SD,Montgomery,2074.71,78938.51,669788.87,0.0,653488.67,1930920.8,1636017.49,9625.0,2924212.11,,
123463603.0,Hatboro-Horsham SD,Montgomery,28313.26,17037.93,631051.02,0.0,386570.47,1506915.46,1329069.0,,383004.05,1000.0,187718.94
123463803.0,Jenkintown SD,Montgomery,450.0,,46074.41,,94160.38,,261488.0,,245650.47,,42680.25
123464502.0,Lower Merion SD,Montgomery,27264.52,22279.56,960056.07,57371.05,1214223.74,2254576.43,671452.0,,2004698.11,,43075.0
123464603.0,Lower Moreland Township SD,Montgomery,2927.55,107421.44,301591.0,0.0,0.0,1024998.12,384070.0,,21292.37,,
123465303.0,Methacton SD,Montgomery,5110.27,533144.95,763033.7,218039.41,350249.03,,1339274.0,,422424.91,347295.65,373538.1
123465602.0,Norristown Area SD,Montgomery,327939.57,4354193.46,2374858.54,3648629.22,1413583.77,,3273198.2,,1287541.03,82946.44,1099361.15
123465702.0,North Penn SD,Montgomery,204748.18,202379.14,2888071.79,77877.26,1797281.72,2626122.87,4538914.65,5850.0,942223.15,11443.17,
123466103.0,Perkiomen Valley SD,Montgomery,235379.96,304062.99,553299.18,139524.64,535636.66,,1858304.0,53342.0,384386.89,1133180.89,20550.98
123466303.0,Pottsgrove SD,Montgomery,67008.0,703252.0,919431.0,271408.0,1015910.0,,2159439.0,,171162.0,6830.0,506293.0
123466403.0,Pottstown SD,Montgomery,120094.4,536913.99,1633794.2,655811.81,1316124.77,1205295.89,,,417977.99,14395.98,24266.5
123467103.0,Souderton Area SD,Montgomery,453898.16,2133487.97,844150.37,1025724.46,505194.3,2190297.75,1758943.98,3000.0,326227.94,1744745.49,155820.0
123467203.0,Springfield Township SD,Montgomery,18887.14,19576.19,378882.15,0.0,218517.91,303861.44,683140.0,6000.0,112156.08,45009.92,236774.01
123467303.0,Spring-Ford Area SD,Montgomery,34668.72,1632773.28,920396.61,921620.28,841473.07,1051353.24,3565493.58,19750.0,1594953.93,577498.3,109774.0
123468303.0,Upper Dublin SD,Montgomery,27.67,,522348.75,,400406.86,534202.07,572560.0,134.41,2026.68,93562.62,
123468402.0,Upper Merion Area SD,Montgomery,166712.94,160300.96,1851170.09,42174.77,456015.19,,1239032.91,,1025564.93,27061.29,1611262.03
123468503.0,Upper Moreland Township SD,Montgomery,9748.0,,1111431.33,,597216.98,9444.99,1384927.0,2352.0,438708.82,,742877.63
123468603.0,Upper Perkiomen SD,Montgomery,6402.85,369655.78,1523056.79,128061.12,978463.04,480577.58,2654580.38,6700.0,486481.94,610.03,
123469303.0,Wissahickon SD,Montgomery,,,602658.1,,558535.4,596949.56,706430.0,36850.0,1135034.29,841203.11,
116471803.0,Danville Area SD,Montour,597156.64,,464277.59,,308604.38,,2076228.97,,56627.44,424.13,9571.21
120480803.0,Bangor Area SD,Northampton,71311.32,132622.45,1698780.82,100015.07,1486058.65,,1327405.51,448787.0,42722.93,20814.38,352.0
120481002.0,Bethlehem Area SD,Northampton,468929.62,19711850.93,4509566.08,6906723.84,3016394.18,891102.74,7367381.15,2480564.57,221708.66,11755.53,
120483302.0,Easton Area SD,Northampton,1225072.21,6150723.21,4478278.97,790858.33,656953.13,30385.75,2797925.52,1436204.92,23887.96,117349.68,
120484803.0,Nazareth Area SD,Northampton,83479.43,741082.19,1474459.46,248426.34,921640.6,110004.52,1699668.33,689720.04,23662.23,24194.24,
120484903.0,Northampton Area SD,Northampton,413152.42,1850074.7,1468854.4,537857.3,1317448.75,,2508583.41,863222.96,69716.67,11966.3,
120485603.0,Pen Argyl Area SD,Northampton,31108.07,142510.52,565919.12,85881.0,855663.51,,746724.5,265088.0,16970.72,177439.42,15273.0
120486003.0,Saucon Valley SD,Northampton,48870.88,1038992.23,786219.03,533802.26,562792.45,142579.68,750749.75,290823.96,65206.4,13531.64,
120488603.0,Wilson Area SD,Northampton,90134.55,728382.17,495138.08,138005.78,499778.65,,867619.46,334706.96,58662.19,423.34,
116493503.0,Line Mountain SD,Northumberland,46706.0,,573719.65,,556091.41,136542.0,78312.37,6385.0,,240.0,
116495003.0,Milton Area SD,Northumberland,11155.93,,565310.39,,191479.03,267664.0,21218.8,,,498.94,7352.19
116495103.0,Mount Carmel Area SD,Northumberland,610304.83,,1268252.44,,0.0,,363535.74,,51258.37,406.62,46731.52
116496503.0,Shamokin Area SD,Northumberland,130366.5,,1211168.85,,1093289.78,,869461.6,,26564.85,178945.72,205314.0
116496603.0,Shikellamy SD,Northumberland,257713.73,,1118973.44,,1012345.83,,1153652.34,,,384451.55,
116498003.0,Warrior Run SD,Northumberland,100465.48,,458499.47,,212826.74,,398812.55,3213.08,,,
115503004.0,Greenwood SD,Perry,102040.64,,322823.97,,258257.46,151165.0,180135.0,36311.0,,225.0,
115504003.0,Newport SD,Perry,110663.66,,774966.03,,632768.43,432412.8,302438.0,68193.0,,1072.0,
115506003.0,Susquenita SD,Perry,168895.97,206643.25,2625808.36,0.0,378640.09,,511194.0,,,469892.55,
115508003.0,West Perry SD,Perry,201497.46,,5143493.73,,0.0,817066.89,853761.0,128859.0,,290569.58,
126515001.0,Philadelphia City SD,Philadelphia,41520448.2,724293528.32,136845392.1,281332815.72,70726002.8,,24571856.0,,14224650.09,2891657.74,3760888.62
120522003.0,Delaware Valley SD,Pike,81359.42,1456139.07,,624989.49,,17044.9,,,135184.14,233.94,
119648303.0,Wallenpaupack Area SD,Pike,288031.83,53575.92,1230030.75,26412.92,769490.05,,,,15436.54,30990.07,
109530304.0,Austin Area SD,Potter,,,38758.0,,0.0,,67040.0,2875.0,,12709.0,
109531304.0,Coudersport Area SD,Potter,41888.38,,337945.67,,283759.62,,123770.12,,,4072.77,
109532804.0,Galeton Area SD,Potter,47333.63,,355974.99,,114660.0,,40594.0,,,4464.33,4935.0
109535504.0,Northern Potter SD,Potter,17101.29,,385995.46,,3767.52,,139872.53,,,,7930.0
109537504.0,Oswayo Valley SD,Potter,10323.03,,471966.98,,0.0,65813.5,179451.66,,,,3051.29
129540803.0,Blue Mountain SD,Schuylkill,106461.09,,1164687.58,,1054217.67,600662.55,896782.0,,23780.04,,
129544503.0,Mahanoy Area SD,Schuylkill,170318.62,92668.8,433592.38,141267.24,618900.54,,279187.0,,,2541.24,288985.0
129544703.0,Minersville Area SD,Schuylkill,439057.78,164070.88,490334.25,307736.39,631326.49,,380709.0,,,20935.22,
129545003.0,North Schuylkill SD,Schuylkill,326016.48,108468.05,1337205.69,0.0,0.0,,724382.34,,,543.49,
129546003.0,Pine Grove Area SD,Schuylkill,383898.94,3689.79,552051.77,0.0,29688.08,55044.91,566834.0,,,916.68,
129546103.0,Pottsville Area SD,Schuylkill,508377.94,408821.57,1162885.0,473008.61,1408975.54,,765964.89,,,13062.12,75395.8
129546803.0,Saint Clair Area SD,Schuylkill,1634735.06,129926.65,254745.88,47945.02,242129.22,66713.0,262267.0,,,,
129547303.0,Schuylkill Haven Area SD,Schuylkill,253848.12,79925.82,444143.34,7009.84,288356.68,,403533.73,,,121253.76,
129547203.0,Shenandoah Valley SD,Schuylkill,296969.81,148344.12,274135.46,193587.01,571434.18,,345270.67,,,5237.87,
129547603.0,Tamaqua Area SD,Schuylkill,126325.15,196280.0,770901.0,218268.57,683306.0,,723662.89,,20329.0,,
129547803.0,Tri-Valley SD,Schuylkill,34748.88,11877.01,302497.85,0.0,262470.41,,304568.0,,45548.31,,
129548803.0,Williams Valley SD,Schuylkill,505765.25,,1064532.38,,1406531.65,352810.24,310950.7,31440.0,,,
116555003.0,Midd-West SD,Snyder,,,,,,,,,,,
116557103.0,Selinsgrove Area SD,Snyder,34622.52,,1128170.8,,614742.95,,1123054.68,,,42809.11,118362.0
108561003.0,Berlin Brothersvalley SD,Somerset,21428.21,41065.53,93132.68,0.0,100533.28,,477413.56,,91417.26,42468.14,
108561803.0,Conemaugh Township Area SD,Somerset,19800.96,,273553.69,,127835.51,,389957.06,,,,
108565203.0,Meyersdale Area SD,Somerset,255708.37,,336543.13,,265952.02,,526606.97,,,,
108565503.0,North Star SD,Somerset,23103.54,,545242.7,,292927.64,,657116.29,,,171911.14,254416.45
108566303.0,Rockwood Area SD,Somerset,158119.55,,590379.96,,0.0,,477929.04,,,,33375.0
108567004.0,Salisbury-Elk Lick SD,Somerset,13833.22,,177741.18,,61250.12,,45356.09,,,,
108567204.0,Shade-Central City SD,Somerset,32021.1,,174318.79,,159069.37,6600.0,561982.19,,73714.29,,-33.0
108567404.0,Shanksville-Stonycreek SD,Somerset,29584.0,,61932.28,,0.0,,280583.08,3875.0,,15468.24,63100.0
108567703.0,Somerset Area SD,Somerset,77097.4,,620344.71,,348774.16,93520.0,1244558.76,,56152.73,7285.44,223810.27
108568404.0,Turkeyfoot Valley Area SD,Somerset,54803.29,,59503.47,,74809.08,,227852.11,,,,20480.0
108569103.0,Windber Area SD,Somerset,403983.59,,468500.83,,140556.09,,708012.4,,,,
117576303.0,Sullivan County SD,Sullivan,116201.08,,536077.73,,532995.31,,206359.54,,,2240.6,4116.0
119581003.0,Blue Ridge SD,Susquehanna,61374.29,,453017.1,,78964.19,,297448.18,,50605.22,35355.41,
119582503.0,Elk Lake SD,Susquehanna,13250.07,,1156049.42,,0.0,,1074666.32,-14960.0,,,200704.99
119583003.0,Forest City Regional SD,Susquehanna,149657.98,60902.04,447780.76,0.0,478427.93,,396197.2,15700.0,28313.72,,
119584503.0,Montrose Area SD,Susquehanna,4661.84,,1663655.89,,0.0,,428027.8,20400.0,,54016.56,
119584603.0,Mountain View SD,Susquehanna,47646.96,90519.12,530304.77,118252.74,716996.87,,510939.98,21500.0,28313.72,,
119586503.0,Susquehanna Community SD,Susquehanna,17105.44,,554178.62,,240419.87,,315411.99,25000.0,8022.22,194.16,2654.7
117596003.0,Northern Tioga SD,Tioga,79829.7,,700875.64,,523997.05,,,,6763.83,11944.78,307842.0
117597003.0,Southern Tioga SD,Tioga,96339.44,,675930.16,,530714.56,,,1000.0,,,14231.2
117598503.0,Wellsboro Area SD,Tioga,67291.92,,622569.84,,417380.7,,,,,-1762.05,18889.52
116604003.0,Lewisburg Area SD,Union,492418.23,,649910.36,,142846.62,,679932.78,,,,
116605003.0,Mifflinburg Area SD,Union,5800.57,,931590.95,,447996.99,,1354254.0,,355480.0,204975.21,
106611303.0,Cranberry Area SD,Venango,48652.96,199.41,409136.93,0.0,207902.01,,511991.07,,,69829.06,57500.01
106612203.0,Franklin Area SD,Venango,336614.79,,521855.69,,583081.27,675296.36,1109603.85,,56627.44,13091.04,
106616203.0,Oil City Area SD,Venango,568379.31,22066.75,915761.85,22684.48,381401.01,,1020405.47,,59649.02,257120.26,393270.92
106617203.0,Titusville Area SD,Venango,141138.25,154421.31,434380.5,206753.59,55667.68,152819.19,811068.17,,45672.81,0.01,2800.0
106618603.0,Valley Grove SD,Venango,312742.36,,360956.52,,156376.48,209497.9,496185.08,,,,
105628302.0,Warren County SD,Warren,31375.65,2141659.74,1071480.15,1548556.42,1150621.59,327763.86,,,73605.18,95825.87,
101630504.0,Avella Area SD,Washington,92472.5,33969.92,261406.25,28420.92,54738.34,,298447.57,,21742.16,75150.0,
101630903.0,Bentworth SD,Washington,75867.89,,535346.33,,253394.07,,269093.6,,240828.16,102224.33,
101631003.0,Bethlehem-Center SD,Washington,,,,,,,,,,,
101631203.0,Burgettstown Area SD,Washington,139823.9,,618142.43,,438924.45,223169.67,301373.24,,64209.06,,
101631503.0,California Area SD,Washington,44080.94,,258627.08,,354586.28,131535.63,319480.88,,103547.58,53229.41,287727.64
101631703.0,Canon-McMillan SD,Washington,11325.96,117370.74,1818156.83,21908.8,985760.61,,957370.83,,738389.11,1849401.64,
101631803.0,Charleroi SD,Washington,21826.82,,611264.26,,283860.6,,407831.12,,226080.88,95247.29,
101631903.0,Chartiers-Houston SD,Washington,213133.56,,551010.17,,83506.61,,365503.67,,76776.23,3570.0,8910.0
101632403.0,Fort Cherry SD,Washington,16344.43,,433616.08,,233861.7,,429228.84,,45899.63,71166.12,629497.23
101633903.0,McGuffey SD,Washington,119712.88,56863.5,876386.21,35192.64,722530.59,,416933.7,,,765.0,375.0
101636503.0,Peters Township SD,Washington,16330.58,70215.16,623649.1,26642.42,348500.71,430157.75,295609.77,,151376.44,12574.99,62496.78
101637002.0,Ringgold SD,Washington,108306.97,130809.22,1136251.48,44041.48,574771.19,796212.54,709267.24,,121789.23,,3295.0
101638003.0,Trinity Area SD,Washington,92492.92,56940.92,1306897.5,0.0,0.0,41955.5,520398.5,110966.52,359318.67,254164.7,275.0
101638803.0,Washington SD,Washington,608532.96,,701479.46,,302518.11,,275675.5,25377.0,124387.07,18647.25,
119648703.0,Wayne Highlands SD,Wayne,850358.69,9426.97,2146612.95,0.0,820511.48,262655.5,,,,3943.88,5885.28
119648903.0,Western Wayne SD,Wayne,36966.87,90079.22,1033496.4,0.0,1198118.97,,84571.01,,,15154.7,20995.0
107650603.0,Belle Vernon Area SD,Westmoreland,67867.66,,750429.0,,541695.0,123508.54,447619.46,,76787.8,7.32,154090.48
107650703.0,Burrell SD,Westmoreland,45689.41,,336592.31,,125986.49,38257.24,696250.0,,90024.01,1434.53,177062.75
107651603.0,Derry Area SD,Westmoreland,63585.93,116531.48,979469.16,249205.13,405532.34,1097641.94,877907.03,3659.0,27402.57,,
107652603.0,Franklin Regional SD,Westmoreland,44992.36,231766.49,722803.73,94930.39,364757.36,479903.35,525368.19,,548843.66,69260.59,7522.0
107653102.0,Greater Latrobe SD,Westmoreland,247981.76,177433.44,867728.91,273426.84,627501.59,617703.63,1621054.96,3510.0,81781.83,111850.18,29605.0
107653203.0,Greensburg Salem SD,Westmoreland,154273.82,,1599763.96,,567416.22,,605774.0,,61089.49,6202.61,322763.75
107653802.0,Hempfield Area SD,Westmoreland,584306.87,66416.64,2057451.81,3279.91,1039700.28,846210.29,1636855.13,,110951.46,9.43,
107654103.0,Jeannette City SD,Westmoreland,171515.18,,741267.17,,798825.6,662450.43,321531.46,,101068.39,,
107654403.0,Kiski Area SD,Westmoreland,1260191.55,,1496318.24,,805636.54,,1615342.0,,299312.42,0.02,
107654903.0,Ligonier Valley SD,Westmoreland,96534.78,,833120.64,,817203.64,398823.17,2439448.66,,57942.8,10155.48,
107655803.0,Monessen City SD,Westmoreland,131317.95,,617600.55,,547560.3,181157.24,336706.9,,83786.95,43351.89,
107655903.0,Mount Pleasant Area SD,Westmoreland,148065.2,,811073.88,,547026.44,654269.76,740845.0,,106487.47,36342.01,
107656303.0,New Kensington-Arnold SD,Westmoreland,494430.0,96989.07,1134865.92,0.0,816251.25,,562039.02,,664989.68,12.36,
107656502.0,Norwin SD,Westmoreland,56443.62,274922.24,1185067.1,95783.83,428876.92,658539.55,902067.59,,297310.17,20407.75,
107657103.0,Penn-Trafford SD,Westmoreland,8632.17,,1539806.08,,511177.35,,794353.82,,965168.64,649071.17,
107657503.0,Southmoreland SD,Westmoreland,7001.52,,933738.23,,551615.49,384959.02,490446.92,,10224.4,7705.0,
107658903.0,Yough SD,Westmoreland,26918.13,,802944.16,,332020.09,460770.04,823836.0,,70552.71,6201.02,89548.8
119665003.0,Lackawanna Trail SD,Wyoming,303729.57,30203.02,476642.17,0.0,416884.71,,377566.01,,81971.89,840.0,14400.0
118667503.0,Tunkhannock Area SD,Wyoming,443.7,11367.9,1442290.85,0.0,1215265.42,,356352.07,2500.0,57183.53,18737.45,
112671303.0,Central York SD,York,209804.09,874167.18,1644833.19,171879.61,769406.23,,1896691.84,4621.92,149600.0,,
112671603.0,Dallastown Area SD,York,202682.51,442235.79,1207682.72,152698.79,1023291.29,435749.48,2355640.07,,,874523.82,200.0
112671803.0,Dover Area SD,York,59519.11,309331.13,1358412.55,56316.47,803012.1,,1252701.48,,,927802.88,53400.0
112672203.0,Eastern York SD,York,89963.02,47484.08,1557016.27,730.05,774438.91,429639.2,1326895.05,,,,53400.0
112672803.0,Hanover Public SD,York,1348351.0,256175.0,536520.0,143062.0,278106.0,,304680.0,,,30699.0,20437.0
112674403.0,Northeastern York SD,York,125922.81,206709.12,2218196.84,5767.58,1139069.65,,1731849.22,,,650010.55,
115674603.0,Northern York County SD,York,638445.75,,1934622.6,,797572.38,,565625.68,,18399.03,,5220.0
112675503.0,Red Lion Area SD,York,145345.0,249037.0,1993000.0,11631.0,1253187.0,112304.0,2844014.0,,,,
112676203.0,South Eastern SD,York,78116.09,12135.28,679760.42,0.0,516950.77,423500.54,1524458.28,,,74847.15,9699.3
112676403.0,South Western SD,York,573063.65,233791.96,1363169.86,116720.73,680563.07,,923957.23,,,,515813.36
112676503.0,Southern York County SD,York,525176.03,6194.65,595398.84,7999.27,481369.02,424300.38,1098323.54,11500.0,,626.67,
112676703.0,Spring Grove Area SD,York,425096.06,200789.97,1572196.98,118530.6,702335.99,,1541322.62,,114434.33,623286.25,45695.32
115219002.0,West Shore SD,York,1601427.54,,4168443.4,,3793268.24,402092.87,1559622.0,483956.78,51258.37,39.79,16102.33
112678503.0,West York Area SD,York,284171.0,2062681.0,798925.0,1125700.0,475794.0,815330.0,1454827.0,20125.0,61507.0,78424.0,53400.0
112679002.0,York City SD,York,566559.94,13755670.01,5257040.44,5648057.4,3717531.46,,3492220.12,,,1711188.88,67250.0
112679403.0,York Suburban SD,York,191271.4,,2194002.91,,967696.0,,1102539.76,,,502429.64,66750.0
,,,,,,,,,,,,,
,,,162763380.4599999,1137376558.1800003,673706232.6,485286503.2100001,382851335.2200002,144951600.87999994,483876331.77,26379561.990000006,130012975.41999997,62652435.459999986,48305945.19999999
